,fecha,institution_id,logged_users
0,2017-06-30,115,1
1,2017-06-30,29,20
2,2017-06-30,730,3
3,2017-06-30,687,4
4,2017-06-30,375,2
5,2017-06-30,43,11
6,2017-06-30,731,1
7,2017-06-30,688,1
8,2017-06-30,541,52
9,2017-06-30,44,1
10,2017-06-30,735,1
11,2017-06-30,0,4
12,2017-06-30,713,1
13,2017-06-30,554,63
14,2017-06-30,48,1
15,2017-06-30,1,3
16,2017-06-30,716,1
17,2017-06-30,579,4
18,2017-06-30,75,5
19,2017-06-30,12,4
20,2017-06-30,728,5
21,2017-06-30,583,7
22,2017-07-01,0,114
23,2017-07-01,75,1075
24,2017-07-01,687,320
25,2017-07-01,1,486
26,2017-07-01,115,54
27,2017-07-01,579,260
28,2017-07-01,727,426
29,2017-07-01,43,718
30,2017-07-01,716,93
31,2017-07-01,17,10
32,2017-07-01,688,285
33,2017-07-01,583,144
34,2017-07-01,728,547
35,2017-07-01,12,359
36,2017-07-01,541,1627
37,2017-07-01,29,819
38,2017-07-01,54,201
39,2017-07-01,554,3408
40,2017-07-01,713,145
41,2017-07-03,735,18
42,2017-07-03,524,172
43,2017-07-03,44,421
44,2017-07-03,717,57
45,2017-07-03,730,30
46,2017-07-03,48,158
47,2017-07-03,720,9
48,2017-07-03,375,40
49,2017-07-03,13,2
50,2017-07-03,731,43
51,2017-07-04,38,6
52,2017-07-05,4,14
53,2017-07-05,586,1662
54,2017-07-05,254,1
55,2017-07-05,721,6
56,2017-07-06,119,2
57,2017-07-06,157,1
58,2017-07-06,294,7
59,2017-07-09,468,4
60,2017-07-10,40,6
61,2017-07-11,724,2
62,2017-07-11,715,1
63,2017-07-12,310,6
64,2017-07-12,694,6
65,2017-07-13,575,10
66,2017-07-13,15,4
67,2017-07-13,420,1
68,2017-07-18,736,32
69,2017-07-19,536,3
70,2017-07-19,24,2
71,2017-07-20,653,3
72,2017-07-21,320,1
73,2017-07-21,14,3
74,2017-07-25,603,1
75,2017-07-25,733,2
76,2017-07-26,708,2
77,2017-07-28,361,3
78,2017-08-01,44,24
79,2017-08-01,708,198
80,2017-08-01,731,63
81,2017-08-01,12,2357
82,2017-08-01,48,161
83,2017-08-01,713,40
84,2017-08-01,29,3554
85,2017-08-01,733,22
86,2017-08-01,579,338
87,2017-08-01,0,154
88,2017-08-01,54,146
89,2017-08-01,524,183
90,2017-08-01,687,186
91,2017-08-01,583,10
92,2017-08-01,727,502
93,2017-08-01,1,668
94,2017-08-01,75,1341
95,2017-08-01,716,164
96,2017-08-01,688,46
97,2017-08-01,586,857
98,2017-08-01,728,120
99,2017-08-01,4,22
100,2017-08-01,541,1224
101,2017-08-01,717,156
102,2017-08-01,43,702
103,2017-08-01,730,204
104,2017-08-01,115,10
105,2017-08-01,554,775
106,2017-08-02,653,30
107,2017-08-02,720,26
108,2017-08-02,473,2
109,2017-08-02,736,3
110,2017-08-02,17,7
111,2017-08-02,294,9
112,2017-08-02,310,16
113,2017-08-03,23,3
114,2017-08-03,361,2
115,2017-08-03,735,2
116,2017-08-03,157,6
117,2017-08-03,375,9
118,2017-08-03,694,2
119,2017-08-03,603,9
120,2017-08-06,127,1
121,2017-08-08,677,2
122,2017-08-08,536,1
123,2017-08-08,82,127
124,2017-08-08,5,1
125,2017-08-10,575,1
126,2017-08-11,344,1
127,2017-08-14,719,1
128,2017-08-15,13,1
129,2017-08-16,721,1
130,2017-08-16,14,6
131,2017-08-16,737,1
132,2017-08-21,468,8
133,2017-08-22,33,1
134,2017-08-22,18,5
135,2017-08-23,715,19
136,2017-08-24,38,4
137,2017-08-25,119,1
138,2017-08-29,319,3
139,2017-08-31,420,2
140,2017-09-01,4,16
141,2017-09-01,603,19
142,2017-09-01,48,108
143,2017-09-01,18,9
144,2017-09-01,344,3
145,2017-09-01,653,24
146,2017-09-01,54,113
147,2017-09-01,579,1252
148,2017-09-01,727,4193
149,2017-09-01,715,18
150,2017-09-01,12,2381
151,2017-09-01,677,73
152,2017-09-01,75,866
153,2017-09-01,728,403
154,2017-09-01,29,5814
155,2017-09-01,524,164
156,2017-09-01,716,233
157,2017-09-01,687,108
158,2017-09-01,0,178
159,2017-09-01,82,134
160,2017-09-01,586,1535
161,2017-09-01,730,21
162,2017-09-01,43,952
163,2017-09-01,541,1461
164,2017-09-01,717,100
165,2017-09-01,14,20
166,2017-09-01,1,994
167,2017-09-01,731,36
168,2017-09-01,554,287
169,2017-09-01,720,30
170,2017-09-02,294,15
171,2017-09-02,17,1
172,2017-09-04,733,27
173,2017-09-04,578,2
174,2017-09-04,708,6
175,2017-09-04,736,8
176,2017-09-05,44,14
177,2017-09-08,375,20
178,2017-09-09,157,5
179,2017-09-10,13,11
180,2017-09-11,115,5
181,2017-09-12,721,12
182,2017-09-12,310,2
183,2017-09-13,205,1
184,2017-09-13,583,1
185,2017-09-15,688,1
186,2017-09-20,23,1
187,2017-09-20,694,4
188,2017-09-21,127,1
189,2017-09-21,5,4
190,2017-09-25,602,2
191,2017-09-27,319,3
192,2017-10-01,541,549
193,2017-10-01,12,2615
194,2017-10-01,127,3
195,2017-10-01,0,248
196,2017-10-01,727,662
197,2017-10-01,375,30
198,2017-10-01,1,1217
199,2017-10-01,75,850
200,2017-10-01,579,824
201,2017-10-01,728,1382
202,2017-10-01,29,5924
203,2017-10-01,716,87
204,2017-10-01,82,16
205,2017-10-01,730,40
206,2017-10-01,43,353
207,2017-10-01,524,131
208,2017-10-01,15,5
209,2017-10-01,586,1133
210,2017-10-01,44,11
211,2017-10-02,708,53815
212,2017-10-02,733,564
213,2017-10-02,48,158
214,2017-10-02,721,29
215,2017-10-02,18,2
216,2017-10-02,54,172
217,2017-10-02,554,190
218,2017-10-02,653,51
219,2017-10-02,687,56
220,2017-10-02,717,194
221,2017-10-02,694,23
222,2017-10-03,17,5
223,2017-10-03,4,18
224,2017-10-03,319,16
225,2017-10-03,731,43
226,2017-10-04,344,2
227,2017-10-05,603,42
228,2017-10-05,24,4
229,2017-10-05,736,35
230,2017-10-08,115,5
231,2017-10-09,294,9
232,2017-10-10,10,2
233,2017-10-11,468,5
234,2017-10-12,602,3
235,2017-10-12,735,3
236,2017-10-12,715,2
237,2017-10-13,361,2
238,2017-10-13,157,24
239,2017-10-13,583,6
240,2017-10-13,536,7
241,2017-10-13,719,19
242,2017-10-19,124,1
243,2017-10-19,13,1
244,2017-10-19,5,2
245,2017-10-20,14,4
246,2017-10-23,713,1
247,2017-11-01,730,19
248,2017-11-01,0,154
249,2017-11-01,541,479
250,2017-11-01,1,1757
251,2017-11-01,75,973
252,2017-11-01,554,86
253,2017-11-01,43,174
254,2017-11-01,708,4444
255,2017-11-01,294,7
256,2017-11-01,579,660
257,2017-11-01,12,2011
258,2017-11-01,524,141
259,2017-11-01,586,42
260,2017-11-01,728,116
261,2017-11-01,717,653
262,2017-11-01,29,4673
263,2017-11-02,54,58
264,2017-11-02,603,36
265,2017-11-02,731,65
266,2017-11-02,653,38
267,2017-11-02,733,77
268,2017-11-02,721,51
269,2017-11-02,736,40
270,2017-11-02,727,1102
271,2017-11-02,716,9
272,2017-11-02,344,2
273,2017-11-02,48,147
274,2017-11-03,4,15
275,2017-11-03,319,2
276,2017-11-03,687,41
277,2017-11-04,44,4
278,2017-11-04,47,2
279,2017-11-05,82,5
280,2017-11-06,18,6
281,2017-11-06,738,380
282,2017-11-07,157,7
283,2017-11-08,720,2
284,2017-11-08,694,21
285,2017-11-09,124,13
286,2017-11-09,468,10
287,2017-11-09,715,16
288,2017-11-09,13,4
289,2017-11-10,15,6
290,2017-11-10,739,846
291,2017-11-13,602,2
292,2017-11-13,583,13
293,2017-11-14,707,3
294,2017-11-14,23,3
295,2017-11-17,38,1
296,2017-11-20,14,1
297,2017-11-20,719,9
298,2017-11-20,375,12
299,2017-11-20,677,261
300,2017-11-20,115,8
301,2017-11-21,24,5
302,2017-11-22,741,3
303,2017-11-22,536,3
304,2017-11-23,459,1
305,2017-11-23,361,1
306,2017-11-26,119,1
307,2017-12-01,0,165
308,2017-12-01,524,150
309,2017-12-01,12,1338
310,2017-12-01,677,509
311,2017-12-01,1,354
312,2017-12-01,48,97
313,2017-12-01,731,71
314,2017-12-01,742,550
315,2017-12-01,733,51
316,2017-12-01,29,1435
317,2017-12-01,541,761
318,2017-12-01,721,28
319,2017-12-01,694,20
320,2017-12-01,4,18
321,2017-12-01,75,812
322,2017-12-01,554,47
323,2017-12-01,727,2058
324,2017-12-01,708,2233
325,2017-12-01,606,1
326,2017-12-01,738,201
327,2017-12-01,43,56
328,2017-12-01,579,88
329,2017-12-01,728,1832
330,2017-12-01,18,10
331,2017-12-01,375,27
332,2017-12-01,717,913
333,2017-12-01,653,29
334,2017-12-01,739,435
335,2017-12-02,44,254
336,2017-12-02,586,17
337,2017-12-04,2,1
338,2017-12-04,54,66
339,2017-12-04,603,564
340,2017-12-05,24,4
341,2017-12-05,719,4
342,2017-12-05,720,4
343,2017-12-05,13,4
344,2017-12-06,344,1
345,2017-12-08,5,2
346,2017-12-11,583,40
347,2017-12-11,602,1
348,2017-12-11,743,523
349,2017-12-11,115,1
350,2017-12-12,26,1
351,2017-12-14,730,7
352,2017-12-14,14,2
353,2017-12-14,744,1091
354,2017-12-19,736,4
355,2017-12-20,745,29
356,2017-12-20,7,2
357,2017-12-21,741,4
358,2017-12-21,687,6
359,2017-12-21,310,1
360,2017-12-21,17,2
361,2017-12-24,157,2
362,2017-12-24,38,1
363,2017-12-24,127,1
364,2017-12-26,536,1
365,2017-12-26,294,3
366,2018-01-01,524,142
367,2018-01-01,744,151
368,2018-01-01,12,162
369,2018-01-01,728,2055
370,2018-01-01,29,143
371,2018-01-01,0,168
372,2018-01-01,541,1178
373,2018-01-01,717,97
374,2018-01-01,1,512
375,2018-01-01,75,864
376,2018-01-01,603,514
377,2018-01-01,554,45
378,2018-01-01,708,672
379,2018-01-01,4,13
380,2018-01-01,44,1700
381,2018-01-01,743,162
382,2018-01-02,7,2
383,2018-01-02,736,6
384,2018-01-02,727,1040
385,2018-01-02,738,32
386,2018-01-02,48,150
387,2018-01-02,586,10
388,2018-01-02,745,53
389,2018-01-02,677,51
390,2018-01-02,739,117
391,2018-01-02,54,6
392,2018-01-02,730,8
393,2018-01-02,731,20
394,2018-01-02,43,7
395,2018-01-02,742,55
396,2018-01-02,733,106
397,2018-01-02,579,12
398,2018-01-02,721,19
399,2018-01-03,17,2
400,2018-01-04,653,23
401,2018-01-04,157,7
402,2018-01-04,741,7
403,2018-01-05,13,6
404,2018-01-05,719,8
405,2018-01-05,713,8
406,2018-01-09,294,7
407,2018-01-09,687,2
408,2018-01-10,536,9
409,2018-01-11,715,3
410,2018-01-11,375,3
411,2018-01-12,746,42
412,2018-01-14,31,1
413,2018-01-15,716,2
414,2018-01-18,23,1
415,2018-01-19,665,2
416,2018-01-19,310,1
417,2018-01-19,617,1
418,2018-01-19,468,4
419,2018-01-25,602,1
420,2018-01-27,127,2
421,2018-01-27,47,1
422,2018-01-30,14,1
423,2018-01-31,583,2
424,2018-01-31,24,1
425,2018-01-31,82,1
426,2018-02-01,554,22
427,2018-02-01,730,1
428,2018-02-01,1,282
429,2018-02-01,44,22
430,2018-02-01,653,92
431,2018-02-01,742,10
432,2018-02-01,14,11
433,2018-02-01,524,40
434,2018-02-01,717,113
435,2018-02-01,48,167
436,2018-02-01,677,1
437,2018-02-01,743,40
438,2018-02-01,733,80
439,2018-02-01,721,36
440,2018-02-01,75,915
441,2018-02-01,744,5
442,2018-02-01,738,14
443,2018-02-01,727,242
444,2018-02-01,708,468
445,2018-02-01,745,17
446,2018-02-01,29,50
447,2018-02-01,603,813
448,2018-02-01,739,5
449,2018-02-01,541,1148
450,2018-02-01,728,234
451,2018-02-01,0,143
452,2018-02-01,157,7
453,2018-02-01,746,1258
454,2018-02-02,537,1
455,2018-02-02,12,38
456,2018-02-03,13,2
457,2018-02-05,731,13
458,2018-02-07,687,17
459,2018-02-07,11,1
460,2018-02-08,747,40
461,2018-02-08,586,12
462,2018-02-09,748,3
463,2018-02-09,536,3
464,2018-02-10,17,4
465,2018-02-12,716,2
466,2018-02-12,579,3
467,2018-02-13,5,2
468,2018-02-15,715,2
469,2018-02-15,43,2
470,2018-02-16,375,10
471,2018-02-19,18,3
472,2018-02-19,115,17
473,2018-02-20,6,3
474,2018-02-21,616,1
475,2018-02-22,583,1
476,2018-02-23,741,8
477,2018-03-01,48,182
478,2018-03-01,586,1977
479,2018-03-01,29,2955
480,2018-03-01,524,28
481,2018-03-01,727,533
482,2018-03-01,708,832
483,2018-03-01,746,3420
484,2018-03-01,728,744
485,2018-03-01,716,8
486,2018-03-01,747,2096
487,2018-03-01,0,343
488,2018-03-01,75,1361
489,2018-03-01,603,61
490,2018-03-01,741,8
491,2018-03-01,541,662
492,2018-03-01,717,82
493,2018-03-01,1,522
494,2018-03-01,653,122
495,2018-03-01,743,11
496,2018-03-01,554,2405
497,2018-03-01,731,37
498,2018-03-01,12,38
499,2018-03-01,745,12
500,2018-03-02,579,6
501,2018-03-02,733,1193
502,2018-03-02,721,38
503,2018-03-03,687,10
504,2018-03-05,13,7
505,2018-03-05,730,4
506,2018-03-05,115,46
507,2018-03-05,677,58
508,2018-03-05,44,41
509,2018-03-06,738,41
510,2018-03-06,18,15
511,2018-03-08,49,1
512,2018-03-09,602,1
513,2018-03-09,739,2
514,2018-03-09,748,17
515,2018-03-09,375,20
516,2018-03-09,749,20
517,2018-03-09,744,7
518,2018-03-11,14,2
519,2018-03-13,127,1
520,2018-03-14,228,9
521,2018-03-14,361,3
522,2018-03-14,720,3
523,2018-03-15,43,5
524,2018-03-15,17,5
525,2018-03-15,2,1
526,2018-03-16,15,1
527,2018-03-16,124,20
528,2018-03-17,30,1
529,2018-03-17,38,7
530,2018-03-21,459,4
531,2018-03-26,157,4
532,2018-03-28,536,1
533,2018-04-01,43,4
534,2018-04-01,554,7688
535,2018-04-01,727,440
536,2018-04-01,708,822
537,2018-04-01,746,1779
538,2018-04-01,653,313
539,2018-04-01,728,77
540,2018-04-01,12,38
541,2018-04-01,48,246
542,2018-04-01,717,388
543,2018-04-01,0,302
544,2018-04-01,75,748
545,2018-04-01,586,1464
546,2018-04-01,29,6248
547,2018-04-01,1,731
548,2018-04-01,733,893
549,2018-04-01,541,542
550,2018-04-02,375,11
551,2018-04-02,738,87
552,2018-04-02,44,54
553,2018-04-02,715,1
554,2018-04-02,747,3414
555,2018-04-02,228,23
556,2018-04-02,748,319
557,2018-04-02,731,53
558,2018-04-02,749,21
559,2018-04-02,742,27
560,2018-04-02,603,109
561,2018-04-02,721,24
562,2018-04-02,687,27
563,2018-04-02,745,36
564,2018-04-03,18,14
565,2018-04-04,677,41
566,2018-04-04,735,10
567,2018-04-05,536,4
568,2018-04-05,115,10
569,2018-04-05,361,42
570,2018-04-06,752,80
571,2018-04-07,124,37
572,2018-04-08,739,2
573,2018-04-09,720,9
574,2018-04-09,308,1
575,2018-04-11,157,7
576,2018-04-12,5,2
577,2018-04-12,579,5
578,2018-04-14,524,21
579,2018-04-14,30,1
580,2018-04-15,17,2
581,2018-04-16,290,1
582,2018-04-16,741,2
583,2018-04-16,605,2
584,2018-04-24,754,3
585,2018-04-24,730,3
586,2018-04-25,13,1
587,2018-04-25,665,4
588,2018-04-25,14,1
589,2018-04-25,15,1
590,2018-04-26,753,1
591,2018-04-26,468,6
592,2018-04-26,664,2
593,2018-04-26,583,5
594,2018-04-26,24,6
595,2018-04-26,4,1
596,2018-05-01,44,52
597,2018-05-01,717,1042
598,2018-05-01,747,2435
599,2018-05-01,687,49
600,2018-05-01,48,371
601,2018-05-01,731,241
602,2018-05-01,18,16
603,2018-05-01,75,1385
604,2018-05-01,586,1243
605,2018-05-01,733,1099
606,2018-05-01,29,4855
607,2018-05-01,228,37
608,2018-05-01,708,918
609,2018-05-01,0,246
610,2018-05-01,541,741
611,2018-05-01,727,637
612,2018-05-01,745,83
613,2018-05-01,1,896
614,2018-05-01,653,308
615,2018-05-01,554,9180
616,2018-05-01,746,447
617,2018-05-01,677,141
618,2018-05-02,579,2
619,2018-05-02,730,178
620,2018-05-02,741,34
621,2018-05-02,748,44
622,2018-05-02,721,678
623,2018-05-02,749,53
624,2018-05-02,12,297
625,2018-05-02,603,528
626,2018-05-02,752,64
627,2018-05-02,738,18
628,2018-05-02,728,108
629,2018-05-03,5,1
630,2018-05-03,124,3
631,2018-05-03,43,12
632,2018-05-03,753,42
633,2018-05-07,720,2
634,2018-05-07,6,1
635,2018-05-07,115,306
636,2018-05-08,375,4
637,2018-05-09,38,1
638,2018-05-09,361,12
639,2018-05-09,739,2
640,2018-05-10,17,1
641,2018-05-10,14,1
642,2018-05-11,583,3
643,2018-05-11,524,1
644,2018-05-11,713,5
645,2018-05-14,742,12
646,2018-05-14,157,1
647,2018-05-15,15,1
648,2018-05-16,447,1
649,2018-05-17,215,4
650,2018-05-18,754,2
651,2018-05-19,693,1
652,2018-05-24,756,15
653,2018-05-25,743,12
654,2018-05-25,716,1
655,2018-05-25,4,1
656,2018-05-26,310,13
657,2018-05-28,736,15
658,2018-05-30,757,12
659,2018-05-31,158,1
660,2018-06-01,541,207
661,2018-06-01,728,2270
662,2018-06-01,758,4
663,2018-06-01,75,1155
664,2018-06-01,653,54
665,2018-06-01,29,4085
666,2018-06-01,554,13040
667,2018-06-01,730,41
668,2018-06-01,12,538
669,2018-06-01,752,348
670,2018-06-01,115,192
671,2018-06-01,677,612
672,2018-06-01,745,17
673,2018-06-01,731,772
674,2018-06-01,717,144
675,2018-06-01,753,4
676,2018-06-01,687,49
677,2018-06-01,746,272
678,2018-06-01,586,51
679,2018-06-01,733,22
680,2018-06-01,721,1639
681,2018-06-01,756,635
682,2018-06-01,0,274
683,2018-06-01,708,653
684,2018-06-01,747,2047
685,2018-06-01,44,25
686,2018-06-01,736,15
687,2018-06-01,536,4
688,2018-06-01,727,1531
689,2018-06-01,757,189
690,2018-06-01,1,1284
691,2018-06-01,254,3
692,2018-06-01,748,24
693,2018-06-01,48,266
694,2018-06-01,738,54
695,2018-06-02,43,11
696,2018-06-02,228,51
697,2018-06-04,743,36
698,2018-06-04,603,5
699,2018-06-04,18,18
700,2018-06-05,749,308
701,2018-06-05,17,1
702,2018-06-06,361,6
703,2018-06-06,524,15
704,2018-06-07,24,2
705,2018-06-07,375,7
706,2018-06-07,420,2
707,2018-06-12,649,1
708,2018-06-14,760,25
709,2018-06-14,38,18
710,2018-06-19,715,13
711,2018-06-21,761,24
712,2018-06-22,709,19
713,2018-06-25,5,1
714,2018-06-25,157,2
715,2018-06-26,579,3
716,2018-06-28,713,6
717,2018-06-28,13,1
718,2018-07-01,115,260
719,2018-07-01,721,1190
720,2018-07-01,44,15
721,2018-07-01,541,553
722,2018-07-01,708,8914
723,2018-07-01,749,2177
724,2018-07-01,727,1097
725,2018-07-01,48,230
726,2018-07-01,554,9490
727,2018-07-01,752,1501
728,2018-07-01,728,263
729,2018-07-01,677,84
730,2018-07-01,746,244
731,2018-07-01,1,392
732,2018-07-01,730,26
733,2018-07-01,75,986
734,2018-07-01,747,511
735,2018-07-01,12,443
736,2018-07-01,228,55
737,2018-07-01,731,571
738,2018-07-01,29,857
739,2018-07-02,0,163
740,2018-07-02,18,6
741,2018-07-02,756,86
742,2018-07-02,687,48
743,2018-07-03,748,58
744,2018-07-03,653,37
745,2018-07-03,761,30
746,2018-07-03,753,15
747,2018-07-04,603,12
748,2018-07-04,736,3
749,2018-07-04,760,32
750,2018-07-04,124,2
751,2018-07-04,743,37
752,2018-07-04,579,2
753,2018-07-04,717,28
754,2018-07-05,524,7
755,2018-07-06,13,4
756,2018-07-06,738,19
757,2018-07-06,157,62
758,2018-07-06,762,9
759,2018-07-06,757,5
760,2018-07-09,709,33
761,2018-07-09,586,20
762,2018-07-10,694,1
763,2018-07-10,15,3
764,2018-07-10,715,13
765,2018-07-11,375,4
766,2018-07-12,713,2
767,2018-07-13,361,14
768,2018-07-18,529,1
769,2018-07-20,54,2
770,2018-07-22,558,4
771,2018-07-24,17,3
772,2018-07-24,536,4
773,2018-07-25,215,1
774,2018-07-26,468,1
775,2018-07-26,664,1
776,2018-07-26,24,4
777,2018-07-31,82,4
778,2018-08-01,677,84
779,2018-08-01,75,545
780,2018-08-01,730,11
781,2018-08-01,24,3
782,2018-08-01,536,6
783,2018-08-01,749,909
784,2018-08-01,687,24
785,2018-08-01,743,17
786,2018-08-01,82,9
787,2018-08-01,731,198
788,2018-08-01,29,4146
789,2018-08-01,541,455
790,2018-08-01,717,235
791,2018-08-01,752,814
792,2018-08-01,12,2494
793,2018-08-01,708,4290
794,2018-08-01,115,162
795,2018-08-01,735,1
796,2018-08-01,554,6120
797,2018-08-01,721,212
798,2018-08-01,753,12
799,2018-08-01,375,16
800,2018-08-01,746,3522
801,2018-08-01,0,571
802,2018-08-01,603,987
803,2018-08-01,727,7218
804,2018-08-01,754,25
805,2018-08-01,473,1
806,2018-08-01,747,861
807,2018-08-01,1,960
808,2018-08-01,653,44
809,2018-08-01,48,285
810,2018-08-01,728,77
811,2018-08-01,756,117
812,2018-08-01,524,21
813,2018-08-01,715,5
814,2018-08-02,228,27
815,2018-08-02,741,30
816,2018-08-02,157,3
817,2018-08-03,709,6
818,2018-08-03,713,13
819,2018-08-03,738,5
820,2018-08-03,748,4
821,2018-08-05,716,2
822,2018-08-06,760,23
823,2018-08-06,361,2
824,2018-08-06,736,28
825,2018-08-06,44,17
826,2018-08-07,745,1
827,2018-08-08,558,6
828,2018-08-09,124,1
829,2018-08-10,294,1
830,2018-08-11,15,1
831,2018-08-13,13,1
832,2018-08-13,18,11
833,2018-08-16,580,4
834,2018-08-17,579,1
835,2018-08-20,583,1
836,2018-08-20,578,1
837,2018-08-21,7,1
838,2018-08-27,43,8
839,2018-08-28,762,11
840,2018-08-30,5,1
841,2018-09-01,603,29
842,2018-09-01,541,269
843,2018-09-01,0,411
844,2018-09-01,752,292
845,2018-09-01,653,39
846,2018-09-01,29,7020
847,2018-09-01,730,11
848,2018-09-01,1,893
849,2018-09-01,75,388
850,2018-09-01,746,2942
851,2018-09-01,554,2796
852,2018-09-01,731,134
853,2018-09-01,747,568
854,2018-09-01,12,2032
855,2018-09-01,721,148
856,2018-09-01,115,115
857,2018-09-01,708,1764
858,2018-09-01,727,835
859,2018-09-01,749,303
860,2018-09-02,228,12
861,2018-09-02,586,1
862,2018-09-03,760,18
863,2018-09-03,762,23
864,2018-09-03,753,32
865,2018-09-03,677,47
866,2018-09-03,717,49
867,2018-09-03,82,277
868,2018-09-03,736,14
869,2018-09-03,756,45
870,2018-09-03,748,8
871,2018-09-03,48,200
872,2018-09-04,728,7
873,2018-09-04,741,127
874,2018-09-04,754,3
875,2018-09-04,18,18
876,2018-09-05,580,3
877,2018-09-05,459,1
878,2018-09-05,757,1
879,2018-09-06,524,1
880,2018-09-07,157,3
881,2018-09-09,44,7
882,2018-09-10,687,4
883,2018-09-11,764,34
884,2018-09-11,5,1
885,2018-09-12,552,1
886,2018-09-13,715,1
887,2018-09-13,716,3
888,2018-09-16,361,1
889,2018-09-20,54,1
890,2018-09-20,24,1
891,2018-09-20,43,3
892,2018-09-20,375,1
893,2018-09-24,65,1
894,2018-09-25,739,1
895,2018-09-25,738,2
896,2018-09-25,709,1
897,2018-10-01,1,1970
898,2018-10-01,75,344
899,2018-10-01,736,52
900,2018-10-01,12,2066
901,2018-10-01,721,238
902,2018-10-01,760,11
903,2018-10-01,82,309
904,2018-10-01,708,1565
905,2018-10-01,749,223
906,2018-10-01,29,6415
907,2018-10-01,741,46
908,2018-10-01,727,515
909,2018-10-01,115,108
910,2018-10-01,752,164
911,2018-10-01,603,45
912,2018-10-01,715,1
913,2018-10-01,753,104
914,2018-10-01,48,298
915,2018-10-01,653,66
916,2018-10-01,746,694
917,2018-10-01,541,288
918,2018-10-01,730,28
919,2018-10-01,764,76
920,2018-10-01,0,300
921,2018-10-01,717,172
922,2018-10-01,756,13
923,2018-10-01,677,26
924,2018-10-01,747,267
925,2018-10-01,554,448
926,2018-10-01,731,85
927,2018-10-02,13,3
928,2018-10-02,761,1
929,2018-10-02,743,1
930,2018-10-02,18,15
931,2018-10-03,315,1
932,2018-10-03,23,9
933,2018-10-04,54,1
934,2018-10-05,17,2
935,2018-10-07,44,4
936,2018-10-07,228,3
937,2018-10-08,728,1
938,2018-10-09,687,2
939,2018-10-09,709,1
940,2018-10-10,762,27
941,2018-10-11,580,3
942,2018-10-15,157,10
943,2018-10-16,720,1
944,2018-10-16,586,1
945,2018-10-17,536,1
946,2018-10-18,468,1
947,2018-10-25,757,3
948,2018-10-25,748,2
949,2018-10-25,24,1
950,2018-10-25,524,2
951,2018-10-30,766,7
952,2018-11-01,1,2273
953,2018-11-01,727,259
954,2018-11-01,708,1189
955,2018-11-01,12,1844
956,2018-11-01,717,194
957,2018-11-01,29,6900
958,2018-11-01,746,306
959,2018-11-01,541,199
960,2018-11-01,0,352
961,2018-11-01,115,10
962,2018-11-01,721,238
963,2018-11-02,580,11
964,2018-11-02,764,52
965,2018-11-02,75,335
966,2018-11-02,82,18
967,2018-11-02,44,9
968,2018-11-03,554,183
969,2018-11-03,687,7
970,2018-11-03,752,278
971,2018-11-03,731,14
972,2018-11-03,653,71
973,2018-11-05,48,222
974,2018-11-05,749,40
975,2018-11-05,18,21
976,2018-11-05,739,4
977,2018-11-05,730,20
978,2018-11-05,741,45
979,2018-11-05,753,3
980,2018-11-05,603,248
981,2018-11-05,766,463
982,2018-11-05,747,3230
983,2018-11-05,736,299
984,2018-11-05,757,266
985,2018-11-05,677,760
986,2018-11-05,748,14
987,2018-11-06,228,33
988,2018-11-07,579,3
989,2018-11-07,468,1
990,2018-11-08,735,4
991,2018-11-12,760,16
992,2018-11-12,756,13
993,2018-11-14,54,2
994,2018-11-16,16,1
995,2018-11-18,17,2
996,2018-11-20,43,1
997,2018-11-22,762,45
998,2018-11-26,738,20
999,2018-11-27,119,1
1000,2018-11-28,536,1
1001,2018-11-29,6,1
1002,2018-11-29,26,1
1003,2018-11-30,14,1
1004,2018-11-30,719,3
1005,2018-12-01,747,781
1006,2018-12-01,12,1183
1007,2018-12-01,541,392
1008,2018-12-01,717,282
1009,2018-12-01,748,15
1010,2018-12-01,48,314
1011,2018-12-01,554,108
1012,2018-12-01,736,269
1013,2018-12-01,762,180
1014,2018-12-01,0,202
1015,2018-12-01,228,37
1016,2018-12-01,721,243
1017,2018-12-01,75,811
1018,2018-12-01,677,870
1019,2018-12-01,18,26
1020,2018-12-01,580,1
1021,2018-12-01,1,403
1022,2018-12-01,727,2811
1023,2018-12-01,708,1357
1024,2018-12-01,29,3243
1025,2018-12-01,766,88
1026,2018-12-02,603,30
1027,2018-12-02,653,78
1028,2018-12-02,82,3
1029,2018-12-02,746,148
1030,2018-12-03,756,8
1031,2018-12-03,44,18
1032,2018-12-03,757,99
1033,2018-12-03,735,7
1034,2018-12-03,760,11
1035,2018-12-03,749,33
1036,2018-12-03,752,296
1037,2018-12-03,738,15
1038,2018-12-03,764,8
1039,2018-12-04,730,8
1040,2018-12-04,741,36
1041,2018-12-04,54,6
1042,2018-12-05,101,1
1043,2018-12-05,731,8
1044,2018-12-06,767,23
1045,2018-12-06,676,1
1046,2018-12-06,17,7
1047,2018-12-06,745,12
1048,2018-12-07,768,871
1049,2018-12-13,709,11
1050,2018-12-13,743,12
1051,2018-12-13,719,1
1052,2018-12-13,769,2614
1053,2018-12-14,15,8
1054,2018-12-17,770,119
1055,2018-12-18,5,1
1056,2018-12-18,575,1
1057,2018-12-18,375,10
1058,2018-12-19,583,3
1059,2018-12-19,739,1
1060,2018-12-24,119,1
1061,2018-12-26,753,1
1062,2018-12-28,536,1
1063,2018-12-28,157,2
1064,2018-12-31,744,1
1065,2019-01-01,727,1067
1066,2019-01-01,708,1542
1067,2019-01-01,12,203
1068,2019-01-01,769,178
1069,2019-01-01,752,339
1070,2019-01-01,770,11
1071,2019-01-01,48,531
1072,2019-01-01,653,120
1073,2019-01-01,746,2226
1074,2019-01-01,29,150
1075,2019-01-01,747,458
1076,2019-01-01,0,335
1077,2019-01-01,736,93
1078,2019-01-01,75,678
1079,2019-01-01,721,95
1080,2019-01-01,1,787
1081,2019-01-01,541,394
1082,2019-01-02,760,1
1083,2019-01-02,749,24
1084,2019-01-02,554,69
1085,2019-01-02,741,974
1086,2019-01-02,762,80
1087,2019-01-02,44,17
1088,2019-01-02,603,56
1089,2019-01-02,228,11
1090,2019-01-02,17,11
1091,2019-01-02,766,42
1092,2019-01-02,717,212
1093,2019-01-02,677,157
1094,2019-01-02,757,13
1095,2019-01-02,748,3
1096,2019-01-02,768,209
1097,2019-01-03,687,2
1098,2019-01-04,743,6
1099,2019-01-04,731,7
1100,2019-01-04,764,29
1101,2019-01-04,735,7
1102,2019-01-04,756,3
1103,2019-01-06,82,1
1104,2019-01-08,753,3
1105,2019-01-08,767,22
1106,2019-01-09,43,1
1107,2019-01-09,536,3
1108,2019-01-11,728,3
1109,2019-01-11,716,4
1110,2019-01-15,36,1
1111,2019-01-16,15,1
1112,2019-01-17,713,2
1113,2019-01-27,115,1
1114,2019-01-28,524,1
1115,2019-01-29,54,2
1116,2019-01-29,739,1
1117,2019-02-01,0,296
1118,2019-02-01,541,1453
1119,2019-02-01,717,138
1120,2019-02-01,768,9
1121,2019-02-01,752,128
1122,2019-02-01,1,220
1123,2019-02-01,554,31
1124,2019-02-01,736,24
1125,2019-02-01,310,2
1126,2019-02-01,769,32
1127,2019-02-01,48,406
1128,2019-02-01,708,1132
1129,2019-02-01,12,53
1130,2019-02-01,741,207
1131,2019-02-01,727,148
1132,2019-02-01,75,599
1133,2019-02-01,746,1653
1134,2019-02-01,653,87
1135,2019-02-01,747,859
1136,2019-02-02,29,36
1137,2019-02-03,579,1
1138,2019-02-04,44,2
1139,2019-02-04,721,74
1140,2019-02-04,762,9
1141,2019-02-04,17,3
1142,2019-02-05,677,24
1143,2019-02-06,749,2
1144,2019-02-06,756,13
1145,2019-02-07,766,18
1146,2019-02-07,770,27
1147,2019-02-07,603,14
1148,2019-02-08,361,1
1149,2019-02-11,764,2
1150,2019-02-12,716,7
1151,2019-02-12,468,1
1152,2019-02-12,524,8
1153,2019-02-12,730,4
1154,2019-02-14,709,10
1155,2019-02-15,222,1
1156,2019-02-15,735,3
1157,2019-02-15,14,1
1158,2019-02-17,119,1
1159,2019-02-19,715,7
1160,2019-02-21,228,1
1161,2019-02-24,687,2
1162,2019-02-28,728,1
1163,2019-03-01,0,551
1164,2019-03-01,717,154
1165,2019-03-01,653,140
1166,2019-03-01,747,3647
1167,2019-03-01,541,2945
1168,2019-03-01,1,501
1169,2019-03-01,721,60
1170,2019-03-01,48,812
1171,2019-03-01,554,57
1172,2019-03-01,741,246
1173,2019-03-01,727,320
1174,2019-03-01,708,3270
1175,2019-03-01,752,151
1176,2019-03-01,29,1883
1177,2019-03-01,756,26
1178,2019-03-01,14,12
1179,2019-03-01,524,8
1180,2019-03-01,75,428
1181,2019-03-01,746,4914
1182,2019-03-01,770,57
1183,2019-03-02,12,34
1184,2019-03-04,766,1
1185,2019-03-04,767,2
1186,2019-03-04,769,14
1187,2019-03-04,762,12
1188,2019-03-04,603,63
1189,2019-03-05,115,11
1190,2019-03-05,677,32
1191,2019-03-05,743,1
1192,2019-03-05,709,7
1193,2019-03-05,730,4
1194,2019-03-05,17,6
1195,2019-03-06,768,4
1196,2019-03-06,745,6
1197,2019-03-06,715,10
1198,2019-03-07,33,7
1199,2019-03-07,736,12
1200,2019-03-08,18,3
1201,2019-03-08,32,1
1202,2019-03-12,24,11
1203,2019-03-12,579,10
1204,2019-03-13,738,5
1205,2019-03-14,154,1
1206,2019-03-14,749,5
1207,2019-03-14,72,1
1208,2019-03-14,580,2
1209,2019-03-14,536,2
1210,2019-03-15,157,2
1211,2019-03-16,44,5
1212,2019-03-21,2,2
1213,2019-03-22,54,2
1214,2019-03-28,764,1
1215,2019-03-29,363,1
1216,2019-03-29,728,1
1217,2019-04-01,48,432
1218,2019-04-01,746,5577
1219,2019-04-01,766,7
1220,2019-04-01,717,134
1221,2019-04-01,747,232
1222,2019-04-01,12,15
1223,2019-04-01,721,97
1224,2019-04-01,75,428
1225,2019-04-01,708,3462
1226,2019-04-01,29,3104
1227,2019-04-01,727,324
1228,2019-04-01,752,308
1229,2019-04-01,653,50
1230,2019-04-01,741,1289
1231,2019-04-01,541,2465
1232,2019-04-01,0,445
1233,2019-04-01,753,2
1234,2019-04-01,770,26
1235,2019-04-01,554,63
1236,2019-04-01,1,1079
1237,2019-04-01,716,4
1238,2019-04-01,756,13
1239,2019-04-02,473,7
1240,2019-04-02,757,5
1241,2019-04-02,54,3
1242,2019-04-02,580,11
1243,2019-04-02,736,9
1244,2019-04-02,749,23
1245,2019-04-02,738,4
1246,2019-04-02,709,7
1247,2019-04-02,728,8
1248,2019-04-02,677,112
1249,2019-04-03,694,2
1250,2019-04-03,603,28
1251,2019-04-03,17,6
1252,2019-04-03,730,17
1253,2019-04-04,769,23
1254,2019-04-04,18,1
1255,2019-04-04,764,31
1256,2019-04-04,468,3
1257,2019-04-05,14,6
1258,2019-04-05,762,12
1259,2019-04-05,44,8
1260,2019-04-08,760,1
1261,2019-04-08,115,9
1262,2019-04-09,687,2
1263,2019-04-09,731,1
1264,2019-04-09,524,25
1265,2019-04-10,24,6
1266,2019-04-10,743,28
1267,2019-04-11,23,1
1268,2019-04-11,2,1
1269,2019-04-14,768,3
1270,2019-04-17,536,2
1271,2019-04-17,761,23
1272,2019-04-20,558,4
1273,2019-04-25,767,1
1274,2019-04-25,715,3
1275,2019-04-26,157,1
1276,2019-04-29,43,1
1277,2019-05-01,541,11826
1278,2019-05-01,741,6521
1279,2019-05-01,48,5735
1280,2019-05-01,708,12348
1281,2019-05-01,743,1344
1282,2019-05-01,752,896
1283,2019-05-01,29,7276
1284,2019-05-01,0,1303
1285,2019-05-01,75,2818
1286,2019-05-01,746,26278
1287,2019-05-01,677,1225
1288,2019-05-01,1,3432
1289,2019-05-01,727,12953
1290,2019-05-01,747,142
1291,2019-05-02,375,36
1292,2019-05-02,730,27
1293,2019-05-02,554,126
1294,2019-05-02,717,809
1295,2019-05-02,603,128
1296,2019-05-02,761,38
1297,2019-05-02,653,1710
1298,2019-05-02,736,278
1299,2019-05-02,721,304
1300,2019-05-02,524,10
1301,2019-05-02,738,50
1302,2019-05-03,54,23
1303,2019-05-03,14,55
1304,2019-05-03,756,385
1305,2019-05-03,715,166
1306,2019-05-05,770,3
1307,2019-05-06,44,18
1308,2019-05-06,749,84
1309,2019-05-06,769,4629
1310,2019-05-06,709,53
1311,2019-05-06,30,32
1312,2019-05-06,115,748
1313,2019-05-07,12,3302
1314,2019-05-07,18,9
1315,2019-05-08,687,14
1316,2019-05-09,728,17
1317,2019-05-09,760,26
1318,2019-05-09,762,355
1319,2019-05-12,23,1
1320,2019-05-12,764,28
1321,2019-05-13,215,1
1322,2019-05-13,13,1
1323,2019-05-13,580,35
1324,2019-05-13,536,2
1325,2019-05-15,602,2
1326,2019-05-15,558,18
1327,2019-05-16,4,1
1328,2019-05-16,716,229
1329,2019-05-20,739,2
1330,2019-05-23,766,11
1331,2019-05-24,586,10
1332,2019-05-27,735,4
1333,2019-05-28,24,36
1334,2019-05-29,694,1
1335,2019-06-01,29,2695
1336,2019-06-01,746,7291
1337,2019-06-01,12,484
1338,2019-06-01,708,2555
1339,2019-06-01,741,841
1340,2019-06-01,727,2331
1341,2019-06-01,48,1048
1342,2019-06-01,653,934
1343,2019-06-01,743,466
1344,2019-06-01,0,402
1345,2019-06-01,541,2625
1346,2019-06-01,75,663
1347,2019-06-01,677,439
1348,2019-06-01,1,1405
1349,2019-06-02,747,14
1350,2019-06-02,738,3
1351,2019-06-02,769,37
1352,2019-06-02,721,57
1353,2019-06-02,524,1
1354,2019-06-02,752,257
1355,2019-06-02,115,264
1356,2019-06-02,717,155
1357,2019-06-03,736,9
1358,2019-06-03,580,16
1359,2019-06-03,728,6
1360,2019-06-03,716,38
1361,2019-06-03,24,7
1362,2019-06-03,554,28
1363,2019-06-03,730,8
1364,2019-06-04,44,5
1365,2019-06-04,709,10
1366,2019-06-04,603,39
1367,2019-06-04,756,24
1368,2019-06-05,757,40
1369,2019-06-05,720,8
1370,2019-06-05,757,1
1371,2019-06-05,14,16
1372,2019-06-05,749,21
1373,2019-06-05,15,1
1374,2019-06-05,720,8
1375,2019-06-05,753,12
1376,2019-06-05,753,11
1377,2019-06-05,15,1
1378,2019-06-05,766,4
1379,2019-06-06,558,11
1380,2019-06-06,768,14
1381,2019-06-06,768,24
1382,2019-06-06,715,9
1383,2019-06-06,18,3
1384,2019-06-07,762,18
1385,2019-06-08,687,1
1386,2019-06-10,760,1
1387,2019-06-12,771,9
1388,2019-06-12,771,9
1389,2019-06-13,761,3
1390,2019-06-13,744,3
1391,2019-06-13,744,1
1392,2019-06-17,375,2
1393,2019-06-17,40,2
1394,2019-06-17,382,1
1395,2019-06-17,382,1
1396,2019-06-17,40,14
1397,2019-07-01,727,3780
1398,2019-07-01,752,202
1399,2019-07-01,603,33
1400,2019-07-01,743,465
1401,2019-07-01,75,776
1402,2019-07-01,653,397
1403,2019-07-01,0,342
1404,2019-07-01,375,23
1405,2019-07-01,736,5
1406,2019-07-01,228,9
1407,2019-07-01,115,264
1408,2019-07-01,716,79
1409,2019-07-01,756,278
1410,2019-07-01,29,559
1411,2019-07-01,677,360
1412,2019-07-01,746,7203
1413,2019-07-01,1,257
1414,2019-07-01,769,956
1415,2019-07-01,717,216
1416,2019-07-01,708,2654
1417,2019-07-01,12,431
1418,2019-07-01,541,1815
1419,2019-07-01,228,1
1420,2019-07-01,721,55
1421,2019-07-01,760,6
1422,2019-07-01,48,1849
1423,2019-07-01,709,12
1424,2019-07-01,749,11
1425,2019-07-01,554,50
1426,2019-07-01,741,2327
1427,2019-07-02,14,9
1428,2019-07-03,762,152
1429,2019-07-03,473,6
1430,2019-07-03,473,3
1431,2019-07-04,361,1
1432,2019-07-04,715,11
1433,2019-07-04,753,1
1434,2019-07-04,747,33
1435,2019-07-04,361,1
1436,2019-07-05,713,3
1437,2019-07-05,713,8
1438,2019-07-05,772,5
1439,2019-07-05,772,489
1440,2019-07-06,730,1
1441,2019-07-08,757,25
1442,2019-07-10,744,2
1443,2019-07-10,739,1
1444,2019-07-11,773,714
1445,2019-07-11,774,7
1446,2019-07-11,774,11
1447,2019-07-11,773,262
1448,2019-07-12,54,7
1449,2019-07-12,768,3
1450,2019-07-15,310,3
1451,2019-07-15,775,21
1452,2019-07-15,775,47
1453,2019-07-15,310,3
1454,2019-07-16,44,2
1455,2019-07-18,24,9
1456,2019-07-22,738,1
1457,2019-07-29,761,1
1458,2019-07-29,777,1
1459,2019-07-29,777,156
1460,2019-07-30,203,1
1461,2019-07-30,18,1
1462,2019-07-30,203,1
1463,2019-08-01,54,15
1464,2019-08-01,756,70
1465,2019-08-01,29,669
1466,2019-08-01,603,17
1467,2019-08-01,746,2683
1468,2019-08-01,775,26
1469,2019-08-01,1,451
1470,2019-08-01,727,211
1471,2019-08-01,75,824
1472,2019-08-01,757,14
1473,2019-08-01,653,135
1474,2019-08-01,12,2236
1475,2019-08-01,541,4076
1476,2019-08-01,769,3629
1477,2019-08-01,115,198
1478,2019-08-01,715,130
1479,2019-08-01,677,192
1480,2019-08-01,14,13
1481,2019-08-01,736,256
1482,2019-08-01,772,484
1483,2019-08-01,716,108
1484,2019-08-01,741,2798
1485,2019-08-01,773,452
1486,2019-08-01,717,245
1487,2019-08-01,762,107
1488,2019-08-01,48,2022
1489,2019-08-01,708,3068
1490,2019-08-01,752,132
1491,2019-08-01,24,17
1492,2019-08-01,743,260
1493,2019-08-01,0,66
1494,2019-08-01,721,116
1495,2019-08-02,30,20
1496,2019-08-02,760,11
1497,2019-08-02,554,22
1498,2019-08-02,761,1
1499,2019-08-02,44,4
1500,2019-08-05,749,19
1501,2019-08-05,764,27
1502,2019-08-06,709,14
1503,2019-08-06,728,6
1504,2019-08-06,774,4
1505,2019-08-09,768,7
1506,2019-08-09,747,19
1507,2019-08-12,713,5
1508,2019-08-12,473,3
1509,2019-08-16,575,1
1510,2019-08-16,575,1
1511,2019-08-16,354,1
1512,2019-08-16,354,1
1513,2019-08-19,779,3
1514,2019-08-19,778,215
1515,2019-08-19,779,3
1516,2019-08-19,778,215
1517,2019-08-20,777,155
1518,2019-08-20,18,1
1519,2019-08-21,40,12
1520,2019-08-22,536,1
1521,2019-08-24,228,8
1522,2019-08-25,687,2
1523,2019-08-26,781,2
1524,2019-08-26,781,2
1525,2019-08-27,782,13
1526,2019-08-27,748,2
1527,2019-08-27,782,13
1528,2019-08-27,748,2
1529,2019-08-28,580,1
1530,2019-08-29,783,18
1531,2019-08-29,783,18
1532,2019-09-01,715,44
1533,2019-09-01,779,645
1534,2019-09-01,29,1202
1535,2019-09-01,677,185
1536,2019-09-01,746,2314
1537,2019-09-01,1,354
1538,2019-09-01,554,19
1539,2019-09-01,75,784
1540,2019-09-01,756,131
1541,2019-09-01,12,1741
1542,2019-09-01,736,1282
1543,2019-09-01,717,176
1544,2019-09-01,40,345
1545,2019-09-01,708,2150
1546,2019-09-01,741,1013
1547,2019-09-01,769,3301
1548,2019-09-01,115,180
1549,2019-09-01,721,84
1550,2019-09-01,777,311
1551,2019-09-01,228,17
1552,2019-09-01,48,432
1553,2019-09-01,752,105
1554,2019-09-01,778,234
1555,2019-09-01,653,154
1556,2019-09-01,773,219
1557,2019-09-01,541,1698
1558,2019-09-01,762,77
1559,2019-09-02,716,15
1560,2019-09-02,775,18
1561,2019-09-02,757,151
1562,2019-09-02,782,20
1563,2019-09-02,760,4
1564,2019-09-02,772,8
1565,2019-09-02,727,214
1566,2019-09-02,24,8
1567,2019-09-02,743,352
1568,2019-09-02,0,128
1569,2019-09-03,603,23
1570,2019-09-03,783,208
1571,2019-09-04,781,894
1572,2019-09-04,36,10
1573,2019-09-04,13,3
1574,2019-09-04,749,5
1575,2019-09-05,747,5
1576,2019-09-05,768,3
1577,2019-09-05,728,4
1578,2019-09-06,687,5
1579,2019-09-06,709,18
1580,2019-09-07,623,1
1581,2019-09-08,580,2
1582,2019-09-09,774,26
1583,2019-09-09,730,4
1584,2019-09-09,713,2
1585,2019-09-10,82,5
1586,2019-09-10,742,1
1587,2019-09-11,764,21
1588,2019-09-11,14,3
1589,2019-09-23,748,3
1590,2019-09-23,784,11
1591,2019-09-24,761,1
1592,2019-09-25,753,1
1593,2019-09-26,54,1
1594,2019-09-28,44,1
1595,2019-09-30,776,1
1596,2019-10-01,715,4
1597,2019-10-01,756,128
1598,2019-10-01,781,15
1599,2019-10-01,746,2101
1600,2019-10-01,775,18
1601,2019-10-01,524,5
1602,2019-10-01,736,1487
1603,2019-10-01,115,154
1604,2019-10-01,757,475
1605,2019-10-01,782,109
1606,2019-10-01,40,14
1607,2019-10-01,653,522
1608,2019-10-01,769,231
1609,2019-10-01,0,193
1610,2019-10-01,717,189
1611,2019-10-01,783,185
1612,2019-10-01,677,404
1613,2019-10-01,777,141
1614,2019-10-01,541,2134
1615,2019-10-01,772,3
1616,2019-10-01,1,429
1617,2019-10-01,721,91
1618,2019-10-01,48,1395
1619,2019-10-01,708,2329
1620,2019-10-01,554,26
1621,2019-10-01,741,1633
1622,2019-10-01,773,39
1623,2019-10-01,12,1882
1624,2019-10-01,727,917
1625,2019-10-01,762,43
1626,2019-10-01,75,622
1627,2019-10-01,752,197
1628,2019-10-01,779,1751
1629,2019-10-01,29,1146
1630,2019-10-01,743,343
1631,2019-10-01,774,15
1632,2019-10-02,603,11
1633,2019-10-02,778,17
1634,2019-10-02,24,15
1635,2019-10-03,14,1
1636,2019-10-03,768,2
1637,2019-10-03,716,2
1638,2019-10-03,776,41
1639,2019-10-03,728,58
1640,2019-10-04,82,2
1641,2019-10-04,214,1
1642,2019-10-07,747,7
1643,2019-10-07,709,8
1644,2019-10-08,36,44
1645,2019-10-08,536,1
1646,2019-10-08,748,5
1647,2019-10-08,738,1
1648,2019-10-09,737,1
1649,2019-10-09,761,25
1650,2019-10-09,749,15
1651,2019-10-09,325,2
1652,2019-10-09,764,6
1653,2019-10-11,44,15
1654,2019-10-15,228,6
1655,2019-10-16,157,1
1656,2019-10-16,760,11
1657,2019-10-22,785,3
1658,2019-10-23,586,6
1659,2019-10-24,786,144
1660,2019-10-25,15,1
1661,2019-10-25,13,3
1662,2019-10-30,18,1
1663,2019-11-01,776,238
1664,2019-11-01,48,1228
1665,2019-11-01,677,208
1666,2019-11-01,783,92
1667,2019-11-01,0,55
1668,2019-11-01,541,1961
1669,2019-11-01,746,1994
1670,2019-11-01,75,461
1671,2019-11-01,769,93
1672,2019-11-01,29,942
1673,2019-11-01,756,86
1674,2019-11-01,1,226
1675,2019-11-01,708,968
1676,2019-11-01,757,280
1677,2019-11-01,786,759
1678,2019-11-01,12,1519
1679,2019-11-01,779,244
1680,2019-11-01,736,856
1681,2019-11-01,741,1950
1682,2019-11-01,44,10
1683,2019-11-01,717,329
1684,2019-11-01,653,429
1685,2019-11-02,554,16
1686,2019-11-02,115,358
1687,2019-11-02,774,17
1688,2019-11-02,752,848
1689,2019-11-03,743,55
1690,2019-11-03,777,121
1691,2019-11-03,727,850
1692,2019-11-03,778,6
1693,2019-11-04,728,715
1694,2019-11-04,773,13
1695,2019-11-04,36,64
1696,2019-11-04,775,22
1697,2019-11-04,782,823
1698,2019-11-05,721,8
1699,2019-11-05,24,10
1700,2019-11-05,747,11
1701,2019-11-05,82,15
1702,2019-11-05,13,2
1703,2019-11-06,762,49
1704,2019-11-06,603,11
1705,2019-11-06,749,2
1706,2019-11-07,781,8
1707,2019-11-08,375,6
1708,2019-11-08,40,4
1709,2019-11-10,748,2
1710,2019-11-12,228,3
1711,2019-11-15,760,18
1712,2019-11-15,789,9
1713,2019-11-18,790,2
1714,2019-11-18,788,9
1715,2019-11-19,785,2
1716,2019-11-21,753,1
1717,2019-11-23,14,6
1718,2019-11-25,792,9
1719,2019-11-25,793,8
1720,2019-11-25,794,8
1721,2019-11-25,795,6
1722,2019-11-27,796,1
1723,2019-11-27,797,25
1724,2019-11-27,598,1
1725,2019-11-28,715,3
1726,2019-11-28,761,2
1727,2019-11-29,687,1
1728,2019-12-01,29,639
1729,2019-12-01,708,1054
1730,2019-12-01,778,393
1731,2019-12-01,12,877
1732,2019-12-01,554,16
1733,2019-12-01,741,4594
1734,2019-12-01,786,670
1735,2019-12-01,36,40
1736,2019-12-01,779,925
1737,2019-12-01,743,37
1738,2019-12-01,774,21
1739,2019-12-01,115,2028
1740,2019-12-01,727,6115
1741,2019-12-01,761,23
1742,2019-12-01,752,1344
1743,2019-12-01,653,196
1744,2019-12-01,728,1327
1745,2019-12-01,782,1337
1746,2019-12-01,677,117
1747,2019-12-01,746,868
1748,2019-12-01,48,383
1749,2019-12-01,777,243
1750,2019-12-01,797,251
1751,2019-12-01,1,269
1752,2019-12-01,541,4458
1753,2019-12-01,736,156
1754,2019-12-01,769,1525
1755,2019-12-01,75,506
1756,2019-12-01,717,335
1757,2019-12-01,757,477
1758,2019-12-02,748,15
1759,2019-12-02,792,10
1760,2019-12-02,760,7
1761,2019-12-02,793,10
1762,2019-12-02,788,20
1763,2019-12-02,794,11
1764,2019-12-02,776,2425
1765,2019-12-02,795,11
1766,2019-12-02,0,105
1767,2019-12-02,756,38
1768,2019-12-02,783,206
1769,2019-12-02,24,10
1770,2019-12-02,785,168
1771,2019-12-03,82,1
1772,2019-12-03,721,3
1773,2019-12-03,749,1
1774,2019-12-03,775,1
1775,2019-12-03,753,2
1776,2019-12-03,375,7
1777,2019-12-04,603,3
1778,2019-12-04,40,1
1779,2019-12-04,789,1044
1780,2019-12-04,44,12
1781,2019-12-04,791,31
1782,2019-12-05,14,14
1783,2019-12-05,745,3
1784,2019-12-06,709,1
1785,2019-12-06,715,2
1786,2019-12-09,773,3
1787,2019-12-09,158,1
1788,2019-12-10,798,28
1789,2019-12-10,762,38
1790,2019-12-10,730,1
1791,2019-12-12,790,260
1792,2019-12-12,747,7
1793,2019-12-13,13,1
1794,2019-12-13,713,3
1795,2019-12-16,716,7
1796,2019-12-19,781,2
1797,2019-12-23,768,10
1798,2019-12-23,687,2
1799,2019-12-26,23,1
1800,2020-01-01,12,149
1801,2020-01-01,653,101
1802,2020-01-01,743,35
1803,2020-01-01,541,2036
1804,2020-01-01,727,483
1805,2020-01-01,789,189
1806,2020-01-01,48,375
1807,2020-01-01,708,1289
1808,2020-01-01,782,893
1809,2020-01-01,746,860
1810,2020-01-01,776,1710
1811,2020-01-01,769,145
1812,2020-01-01,790,47
1813,2020-01-01,75,580
1814,2020-01-01,783,22
1815,2020-01-01,797,24
1816,2020-01-01,736,151
1817,2020-01-01,115,156
1818,2020-01-01,785,105
1819,2020-01-01,29,31
1820,2020-01-01,741,1302
1821,2020-01-01,786,26
1822,2020-01-01,779,30
1823,2020-01-01,1,376
1824,2020-01-01,752,102
1825,2020-01-01,781,122
1826,2020-01-02,768,56
1827,2020-01-02,756,4
1828,2020-01-02,728,17
1829,2020-01-02,757,8
1830,2020-01-02,677,174
1831,2020-01-02,747,10
1832,2020-01-02,777,325
1833,2020-01-02,761,7
1834,2020-01-02,778,56
1835,2020-01-02,798,67
1836,2020-01-02,0,14
1837,2020-01-02,586,1
1838,2020-01-02,717,250
1839,2020-01-02,762,7
1840,2020-01-02,36,117
1841,2020-01-02,788,34
1842,2020-01-03,716,8
1843,2020-01-03,721,45
1844,2020-01-04,14,2
1845,2020-01-06,774,10
1846,2020-01-06,687,9
1847,2020-01-06,749,6
1848,2020-01-07,554,10
1849,2020-01-07,375,1
1850,2020-01-09,24,11
1851,2020-01-13,603,1
1852,2020-01-14,748,4
1853,2020-01-17,794,3
1854,2020-01-17,795,3
1855,2020-01-17,792,3
1856,2020-01-17,793,3
1857,2020-01-20,157,1
1858,2020-01-22,773,7
1859,2020-01-22,694,1
1860,2020-01-28,572,1
1861,2020-01-29,675,1
1862,2020-01-29,709,4
1863,2020-01-29,770,2
1864,2020-01-29,772,1
1865,2020-01-29,689,1
1866,2020-01-29,742,1
1867,2020-01-29,766,1
1868,2020-01-30,791,2
1869,2020-01-31,44,3
1870,2020-02-01,708,2068
1871,2020-02-01,781,200
1872,2020-02-01,541,3548
1873,2020-02-01,75,636
1874,2020-02-01,782,2199
1875,2020-02-01,746,3578
1876,2020-02-01,776,285
1877,2020-02-01,790,173
1878,2020-02-01,717,197
1879,2020-02-01,777,97
1880,2020-02-01,736,96
1881,2020-02-01,48,403
1882,2020-02-01,727,1428
1883,2020-02-01,1,173
1884,2020-02-01,741,409
1885,2020-02-01,769,61
1886,2020-02-02,752,64
1887,2020-02-02,36,83
1888,2020-02-02,12,14
1889,2020-02-02,653,109
1890,2020-02-02,785,71
1891,2020-02-02,728,3
1892,2020-02-03,29,4
1893,2020-02-03,799,7
1894,2020-02-03,753,3
1895,2020-02-03,800,29
1896,2020-02-03,677,20
1897,2020-02-03,768,131
1898,2020-02-03,761,19
1899,2020-02-03,788,65
1900,2020-02-04,743,5
1901,2020-02-04,747,8
1902,2020-02-04,115,24
1903,2020-02-04,791,4
1904,2020-02-04,721,45
1905,2020-02-04,0,25
1906,2020-02-05,730,3
1907,2020-02-05,735,1
1908,2020-02-05,764,1
1909,2020-02-05,687,2
1910,2020-02-05,779,12
1911,2020-02-06,760,4
1912,2020-02-06,24,9
1913,2020-02-07,44,2
1914,2020-02-07,756,13
1915,2020-02-07,739,8
1916,2020-02-08,778,4
1917,2020-02-10,762,4
1918,2020-02-10,757,1
1919,2020-02-10,749,22
1920,2020-02-11,715,8
1921,2020-02-11,783,4
1922,2020-02-12,801,32
1923,2020-02-12,797,2
1924,2020-02-14,774,5
1925,2020-02-14,786,5
1926,2020-02-17,789,1
1927,2020-02-17,748,1
1928,2020-02-17,53,1
1929,2020-02-17,798,32
1930,2020-02-18,375,4
1931,2020-02-19,554,5
1932,2020-02-19,14,8
1933,2020-02-19,766,5
1934,2020-02-25,94,1
1935,2020-02-25,15,1
1936,2020-02-25,54,1
1937,2020-02-26,228,2
1938,2020-02-27,10,3
1939,2020-03-01,541,1619
1940,2020-03-01,75,734
1941,2020-03-01,727,5423
1942,2020-03-01,741,1186
1943,2020-03-01,115,20
1944,2020-03-01,708,3554
1945,2020-03-01,781,110
1946,2020-03-01,0,93
1947,2020-03-01,782,3400
1948,2020-03-01,1,91
1949,2020-03-01,746,29741
1950,2020-03-01,776,277
1951,2020-03-01,801,33
1952,2020-03-01,736,59
1953,2020-03-01,48,379
1954,2020-03-01,12,24
1955,2020-03-01,721,64
1956,2020-03-02,798,67
1957,2020-03-02,762,156
1958,2020-03-02,752,130
1959,2020-03-02,554,11
1960,2020-03-02,788,177
1961,2020-03-02,36,183
1962,2020-03-02,800,1
1963,2020-03-02,768,22
1964,2020-03-02,790,44
1965,2020-03-02,717,266
1966,2020-03-02,653,149
1967,2020-03-02,777,132
1968,2020-03-02,769,46
1969,2020-03-02,785,169
1970,2020-03-02,677,302
1971,2020-03-03,728,175
1972,2020-03-03,65,1
1973,2020-03-03,761,602
1974,2020-03-03,778,8
1975,2020-03-04,715,8
1976,2020-03-04,747,24
1977,2020-03-04,24,21
1978,2020-03-05,29,62
1979,2020-03-05,44,8
1980,2020-03-05,367,1
1981,2020-03-05,375,10
1982,2020-03-06,775,29
1983,2020-03-07,756,18
1984,2020-03-09,799,6
1985,2020-03-09,760,8
1986,2020-03-09,797,14
1987,2020-03-09,748,1
1988,2020-03-10,743,3
1989,2020-03-12,774,4
1990,2020-03-12,757,1
1991,2020-03-12,738,6
1992,2020-03-13,779,1
1993,2020-03-14,157,2
1994,2020-03-15,687,2
1995,2020-03-15,730,4
1996,2020-03-18,786,1
1997,2020-03-20,802,9
1998,2020-03-23,739,2
1999,2020-03-23,804,260
2000,2020-03-23,805,2
2001,2020-03-23,603,1
2002,2020-03-23,803,1
2003,2020-03-25,773,2
2004,2020-03-25,766,1
2005,2020-03-25,789,1
2006,2020-03-26,783,1
2007,2020-03-28,767,1
2008,2020-03-31,586,4
2009,2020-03-31,806,2
2010,2020-04-01,741,1816
2011,2020-04-01,48,219
2012,2020-04-01,717,137
2013,2020-04-01,24,8
2014,2020-04-01,761,276
2015,2020-04-01,788,2096
2016,2020-04-01,746,48632
2017,2020-04-01,75,1408
2018,2020-04-01,721,9
2019,2020-04-01,802,4
2020,2020-04-01,29,37
2021,2020-04-01,653,223
2022,2020-04-01,762,10
2023,2020-04-01,0,48
2024,2020-04-01,782,3644
2025,2020-04-01,727,2820
2026,2020-04-01,775,39
2027,2020-04-01,804,914
2028,2020-04-01,36,119
2029,2020-04-01,677,4975
2030,2020-04-01,797,9
2031,2020-04-01,541,65
2032,2020-04-01,752,110
2033,2020-04-01,728,97
2034,2020-04-01,776,1024
2035,2020-04-01,708,1157
2036,2020-04-01,798,19
2037,2020-04-01,554,23
2038,2020-04-01,785,2528
2039,2020-04-01,736,40
2040,2020-04-01,777,37
2041,2020-04-01,769,28
2042,2020-04-01,586,34
2043,2020-04-01,756,11
2044,2020-04-02,115,26
2045,2020-04-02,157,1
2046,2020-04-02,38,1
2047,2020-04-02,12,41
2048,2020-04-02,807,1988
2049,2020-04-03,215,1
2050,2020-04-03,790,8
2051,2020-04-03,1,3
2052,2020-04-03,203,1
2053,2020-04-06,747,10
2054,2020-04-06,783,1
2055,2020-04-07,753,3
2056,2020-04-09,801,14
2057,2020-04-09,774,2
2058,2020-04-09,44,1
2059,2020-04-09,786,1
2060,2020-04-13,811,1
2061,2020-04-13,805,6
2062,2020-04-13,799,237
2063,2020-04-15,809,74
2064,2020-04-16,773,4
2065,2020-04-16,716,1
2066,2020-04-17,13,1
2067,2020-04-18,781,5
2068,2020-04-20,603,1
2069,2020-04-21,382,1
2070,2020-04-22,767,2
2071,2020-04-23,768,2
2072,2020-04-27,536,2
2073,2020-04-30,778,1
2074,2020-05-01,12,92
2075,2020-05-01,807,10278
2076,2020-05-01,653,355
2077,2020-05-01,799,218
2078,2020-05-01,75,1249
2079,2020-05-01,746,5410
2080,2020-05-01,727,4449
2081,2020-05-01,809,151
2082,2020-05-01,677,2363
2083,2020-05-01,801,45
2084,2020-05-01,115,10
2085,2020-05-01,752,488
2086,2020-05-01,782,3615
2087,2020-05-01,728,28
2088,2020-05-01,776,704
2089,2020-05-01,785,876
2090,2020-05-01,708,1319
2091,2020-05-01,541,178
2092,2020-05-01,788,170
2093,2020-05-01,36,68
2094,2020-05-01,741,1762
2095,2020-05-01,761,589
2096,2020-05-02,736,30
2097,2020-05-04,0,10
2098,2020-05-04,778,4
2099,2020-05-04,717,136
2100,2020-05-04,798,445
2101,2020-05-04,48,269
2102,2020-05-05,721,7
2103,2020-05-05,773,1
2104,2020-05-05,779,1
2105,2020-05-06,775,35
2106,2020-05-06,777,7
2107,2020-05-06,769,9
2108,2020-05-08,29,6
2109,2020-05-08,554,7
2110,2020-05-11,762,47
2111,2020-05-11,15,1
2112,2020-05-11,768,8
2113,2020-05-11,804,5
2114,2020-05-11,756,5
2115,2020-05-11,760,2
2116,2020-05-12,774,5
2117,2020-05-12,767,38
2118,2020-05-12,228,4
2119,2020-05-12,805,2
2120,2020-05-14,743,1
2121,2020-05-17,14,9
2122,2020-05-17,1,1
2123,2020-05-20,781,3
2124,2020-05-21,806,2
2125,2020-05-23,687,2
2126,2020-06-01,48,389
2127,2020-06-01,12,499
2128,2020-06-01,727,2981
2129,2020-06-01,653,791
2130,2020-06-01,761,342
2131,2020-06-01,75,533
2132,2020-06-01,746,3313
2133,2020-06-01,782,4186
2134,2020-06-01,677,393
2135,2020-06-01,762,16
2136,2020-06-01,775,39
2137,2020-06-01,807,14334
2138,2020-06-01,708,1335
2139,2020-06-01,798,1032
2140,2020-06-01,752,332
2141,2020-06-01,785,424
2142,2020-06-01,36,83
2143,2020-06-01,776,526
2144,2020-06-01,809,165
2145,2020-06-01,717,117
2146,2020-06-01,799,1338
2147,2020-06-01,741,5899
2148,2020-06-01,768,2
2149,2020-06-02,788,795
2150,2020-06-02,779,4
2151,2020-06-02,812,596
2152,2020-06-02,804,5
2153,2020-06-02,728,78
2154,2020-06-02,115,9
2155,2020-06-02,736,24
2156,2020-06-02,0,10
2157,2020-06-02,786,1
2158,2020-06-02,44,2
2159,2020-06-02,811,13
2160,2020-06-03,760,3
2161,2020-06-03,801,17
2162,2020-06-04,805,3
2163,2020-06-04,764,1
2164,2020-06-05,813,85
2165,2020-06-05,774,7
2166,2020-06-05,767,5
2167,2020-06-05,777,18
2168,2020-06-06,541,486
2169,2020-06-08,743,98
2170,2020-06-08,29,10
2171,2020-06-09,554,13
2172,2020-06-09,756,3
2173,2020-06-10,721,5
2174,2020-06-11,14,7
2175,2020-06-15,791,2
2176,2020-06-17,747,1
2177,2020-06-18,769,9
2178,2020-06-19,783,3
2179,2020-06-19,290,1
2180,2020-06-23,797,1
2181,2020-06-23,814,24
2182,2020-06-23,730,1
2183,2020-06-23,1,1
2184,2020-07-01,752,83
2185,2020-07-01,783,97
2186,2020-07-01,728,114
2187,2020-07-01,708,2273
2188,2020-07-01,798,1222
2189,2020-07-01,785,774
2190,2020-07-01,799,358
2191,2020-07-01,36,72
2192,2020-07-01,760,46
2193,2020-07-01,741,4535
2194,2020-07-01,812,193
2195,2020-07-01,717,169
2196,2020-07-01,48,533
2197,2020-07-01,761,2278
2198,2020-07-01,788,535
2199,2020-07-01,743,118
2200,2020-07-01,813,26
2201,2020-07-01,721,14
2202,2020-07-01,775,54
2203,2020-07-01,807,4093
2204,2020-07-01,653,1800
2205,2020-07-01,12,424
2206,2020-07-01,541,768
2207,2020-07-01,746,3034
2208,2020-07-01,782,3065
2209,2020-07-01,814,19
2210,2020-07-01,727,4172
2211,2020-07-01,776,242
2212,2020-07-01,809,50
2213,2020-07-01,75,1405
2214,2020-07-01,677,275
2215,2020-07-01,797,3
2216,2020-07-02,14,4
2217,2020-07-02,29,10
2218,2020-07-02,736,10
2219,2020-07-02,762,21
2220,2020-07-02,767,5
2221,2020-07-03,554,8
2222,2020-07-03,777,11
2223,2020-07-03,115,37
2224,2020-07-03,769,12
2225,2020-07-03,774,13
2226,2020-07-07,603,1
2227,2020-07-07,804,2
2228,2020-07-07,0,10
2229,2020-07-08,773,4
2230,2020-07-08,781,1
2231,2020-07-09,810,51
2232,2020-07-09,310,1
2233,2020-07-10,811,35
2234,2020-07-11,157,1
2235,2020-07-15,815,39
2236,2020-07-15,756,5
2237,2020-07-18,119,2
2238,2020-07-20,410,285
2239,2020-07-20,458,1
2240,2020-07-20,623,1
2241,2020-07-20,59,2
2242,2020-07-21,816,14
2243,2020-07-21,817,564
2244,2020-07-22,715,1
2245,2020-07-22,779,1
2246,2020-07-22,790,2
2247,2020-07-24,558,1
2248,2020-07-24,497,1
2249,2020-07-24,818,16
2250,2020-07-24,498,1
2251,2020-07-27,290,1
2252,2020-07-30,778,2
2253,2020-07-31,786,1
2254,2020-08-01,48,212
2255,2020-08-01,727,591
2256,2020-08-01,776,161
2257,2020-08-01,807,5777
2258,2020-08-01,809,83
2259,2020-08-01,708,490
2260,2020-08-01,798,842
2261,2020-08-01,785,413
2262,2020-08-01,75,368
2263,2020-08-01,799,555
2264,2020-08-01,115,528
2265,2020-08-01,741,4018
2266,2020-08-01,717,169
2267,2020-08-01,774,17
2268,2020-08-01,653,277
2269,2020-08-01,788,902
2270,2020-08-01,817,1326
2271,2020-08-01,410,60
2272,2020-08-01,743,42
2273,2020-08-01,782,1319
2274,2020-08-01,12,3112
2275,2020-08-01,818,152
2276,2020-08-01,541,286
2277,2020-08-01,746,5210
2278,2020-08-02,761,54
2279,2020-08-02,777,12
2280,2020-08-02,579,3
2281,2020-08-02,677,965
2282,2020-08-03,752,150
2283,2020-08-03,815,43
2284,2020-08-03,736,12
2285,2020-08-03,29,22
2286,2020-08-03,769,8
2287,2020-08-03,816,38
2288,2020-08-03,36,34
2289,2020-08-03,0,17
2290,2020-08-03,812,660
2291,2020-08-03,775,2
2292,2020-08-03,760,13
2293,2020-08-03,813,830
2294,2020-08-04,728,4
2295,2020-08-04,753,2
2296,2020-08-05,814,2
2297,2020-08-05,810,24
2298,2020-08-06,811,1530
2299,2020-08-07,819,2449
2300,2020-08-07,756,5
2301,2020-08-09,779,1
2302,2020-08-09,783,24
2303,2020-08-10,721,4
2304,2020-08-11,797,254
2305,2020-08-11,784,11
2306,2020-08-13,554,9
2307,2020-08-13,781,4
2308,2020-08-14,14,5
2309,2020-08-14,59,2
2310,2020-08-14,715,5
2311,2020-08-14,801,35
2312,2020-08-15,44,1
2313,2020-08-17,691,1
2314,2020-08-17,820,21
2315,2020-08-22,790,1
2316,2020-08-24,786,1
2317,2020-08-25,767,9
2318,2020-08-25,586,2
2319,2020-08-25,804,1
2320,2020-08-26,757,1
2321,2020-08-28,821,36
2322,2020-08-31,15,1
2323,2020-09-01,761,333
2324,2020-09-01,788,869
2325,2020-09-01,817,37
2326,2020-09-01,782,1851
2327,2020-09-01,811,1888
2328,2020-09-01,728,5
2329,2020-09-01,677,2102
2330,2020-09-01,818,97
2331,2020-09-01,746,2596
2332,2020-09-01,783,3
2333,2020-09-01,812,348
2334,2020-09-01,776,534
2335,2020-09-01,708,587
2336,2020-09-01,767,27
2337,2020-09-01,819,1551
2338,2020-09-01,75,168
2339,2020-09-01,752,133
2340,2020-09-01,784,16
2341,2020-09-01,813,20
2342,2020-09-01,807,3944
2343,2020-09-01,717,90
2344,2020-09-01,797,277
2345,2020-09-01,785,619
2346,2020-09-01,36,10
2347,2020-09-01,809,66
2348,2020-09-01,12,2914
2349,2020-09-01,721,9
2350,2020-09-01,798,416
2351,2020-09-01,821,290
2352,2020-09-01,115,501
2353,2020-09-01,48,183
2354,2020-09-01,653,303
2355,2020-09-01,741,4643
2356,2020-09-01,810,18
2357,2020-09-01,541,58
2358,2020-09-01,727,2684
2359,2020-09-01,799,1364
2360,2020-09-02,23,1
2361,2020-09-02,350,1
2362,2020-09-02,815,22
2363,2020-09-02,774,9
2364,2020-09-02,823,155
2365,2020-09-03,824,18
2366,2020-09-03,790,1
2367,2020-09-03,804,2
2368,2020-09-03,820,4
2369,2020-09-03,773,1
2370,2020-09-03,781,7
2371,2020-09-04,775,2
2372,2020-09-04,801,430
2373,2020-09-04,244,1
2374,2020-09-04,729,1
2375,2020-09-04,825,63
2376,2020-09-04,777,11
2377,2020-09-04,410,83
2378,2020-09-04,736,6
2379,2020-09-04,760,28
2380,2020-09-04,786,6
2381,2020-09-05,29,2
2382,2020-09-05,769,9
2383,2020-09-07,0,6
2384,2020-09-08,554,16
2385,2020-09-10,24,6
2386,2020-09-10,586,24
2387,2020-09-11,793,1
2388,2020-09-14,65,1
2389,2020-09-14,68,4
2390,2020-09-14,13,7
2391,2020-09-15,743,5
2392,2020-09-15,762,1
2393,2020-09-17,779,2
2394,2020-09-18,756,1
2395,2020-09-22,816,4
2396,2020-09-24,664,1
2397,2020-09-24,542,2
2398,2020-09-24,826,19
2399,2020-09-24,1,1
2400,2020-09-24,105,1
2401,2020-09-24,605,1
2402,2020-09-25,735,1
2403,2020-09-29,459,1
2404,2020-09-30,157,1
2405,2020-10-01,48,256
2406,2020-10-01,798,526
2407,2020-10-01,821,296
2408,2020-10-01,760,70
2409,2020-10-01,410,364
2410,2020-10-01,810,106
2411,2020-10-01,727,3191
2412,2020-10-01,776,363
2413,2020-10-01,799,617
2414,2020-10-01,823,79
2415,2020-10-01,653,172
2416,2020-10-01,761,251
2417,2020-10-01,746,1205
2418,2020-10-01,785,1125
2419,2020-10-01,811,166
2420,2020-10-01,824,461
2421,2020-10-01,677,845
2422,2020-10-01,818,14
2423,2020-10-01,752,75
2424,2020-10-01,788,446
2425,2020-10-01,812,17
2426,2020-10-01,75,85
2427,2020-10-01,825,345
2428,2020-10-01,708,630
2429,2020-10-01,541,24
2430,2020-10-01,115,429
2431,2020-10-01,782,1578
2432,2020-10-01,807,5698
2433,2020-10-01,717,122
2434,2020-10-01,797,10
2435,2020-10-01,12,3018
2436,2020-10-01,741,7638
2437,2020-10-01,809,581
2438,2020-10-02,816,130
2439,2020-10-02,36,14
2440,2020-10-02,790,17
2441,2020-10-04,767,20
2442,2020-10-04,815,29
2443,2020-10-05,775,4
2444,2020-10-05,819,31
2445,2020-10-05,813,11
2446,2020-10-05,774,5
2447,2020-10-06,459,11
2448,2020-10-07,777,8
2449,2020-10-07,801,8
2450,2020-10-07,804,13
2451,2020-10-08,817,12
2452,2020-10-08,730,1
2453,2020-10-09,586,33
2454,2020-10-09,736,8
2455,2020-10-09,360,1
2456,2020-10-09,827,69
2457,2020-10-12,44,2
2458,2020-10-12,0,3
2459,2020-10-13,728,2
2460,2020-10-13,826,20
2461,2020-10-13,757,10
2462,2020-10-13,783,7
2463,2020-10-14,789,48
2464,2020-10-15,24,23
2465,2020-10-15,784,1
2466,2020-10-17,29,7
2467,2020-10-18,769,5
2468,2020-10-18,756,2
2469,2020-10-19,743,8
2470,2020-10-19,68,1
2471,2020-10-19,795,2
2472,2020-10-19,554,2
2473,2020-10-27,524,3
2474,2020-10-27,46,2
2475,2020-10-28,792,1
2476,2020-10-28,793,2
2477,2020-10-28,794,1
2478,2020-10-28,820,1
2479,2020-10-29,721,1
2480,2020-10-29,828,19
2481,2020-10-29,59,1
2482,2020-10-29,778,2
2483,2020-11-01,821,133
2484,2020-11-01,115,322
2485,2020-11-01,785,847
2486,2020-11-01,727,2929
2487,2020-11-01,809,1005
2488,2020-11-01,410,280
2489,2020-11-01,746,677
2490,2020-11-01,816,10
2491,2020-11-01,677,477
2492,2020-11-01,798,586
2493,2020-11-01,824,1090
2494,2020-11-01,788,698
2495,2020-11-01,817,2
2496,2020-11-01,811,41
2497,2020-11-01,708,483
2498,2020-11-01,825,860
2499,2020-11-01,741,4080
2500,2020-11-01,782,3328
2501,2020-11-01,12,2495
2502,2020-11-01,783,8
2503,2020-11-01,776,1143
2504,2020-11-01,807,5680
2505,2020-11-02,586,131
2506,2020-11-02,815,17
2507,2020-11-02,828,21
2508,2020-11-02,653,492
2509,2020-11-02,810,512
2510,2020-11-02,752,261
2511,2020-11-02,48,163
2512,2020-11-02,769,10
2513,2020-11-02,799,331
2514,2020-11-02,541,102
2515,2020-11-02,789,121
2516,2020-11-02,75,58
2517,2020-11-02,717,114
2518,2020-11-02,760,46
2519,2020-11-02,743,20
2520,2020-11-02,813,91
2521,2020-11-02,827,47
2522,2020-11-03,761,203
2523,2020-11-03,744,1
2524,2020-11-03,797,16
2525,2020-11-03,826,17
2526,2020-11-03,820,1
2527,2020-11-03,721,2
2528,2020-11-04,812,6
2529,2020-11-04,801,3
2530,2020-11-05,728,4
2531,2020-11-05,757,72
2532,2020-11-05,819,20
2533,2020-11-06,830,77
2534,2020-11-06,105,1
2535,2020-11-07,777,2
2536,2020-11-09,29,3
2537,2020-11-09,762,5
2538,2020-11-09,36,4
2539,2020-11-09,767,13
2540,2020-11-09,0,2
2541,2020-11-09,774,5
2542,2020-11-09,24,8
2543,2020-11-10,829,154
2544,2020-11-11,786,171
2545,2020-11-11,554,4
2546,2020-11-15,736,4
2547,2020-11-18,795,1
2548,2020-11-18,794,1
2549,2020-11-24,823,2
2550,2020-11-25,779,2
2551,2020-11-26,781,10
2552,2020-11-29,524,4
2553,2020-12-01,810,1124
2554,2020-12-01,829,428
2555,2020-12-01,653,928
2556,2020-12-01,769,3
2557,2020-12-01,799,573
2558,2020-12-01,824,252
2559,2020-12-01,757,33
2560,2020-12-01,788,449
2561,2020-12-01,75,107
2562,2020-12-01,811,31
2563,2020-12-01,830,30
2564,2020-12-01,677,307
2565,2020-12-01,825,517
2566,2020-12-01,541,18
2567,2020-12-01,760,82
2568,2020-12-01,789,740
2569,2020-12-01,741,3073
2570,2020-12-01,782,2535
2571,2020-12-01,831,237
2572,2020-12-01,708,435
2573,2020-12-01,826,10
2574,2020-12-01,761,100
2575,2020-12-01,819,29
2576,2020-12-01,115,388
2577,2020-12-01,743,12
2578,2020-12-01,813,194
2579,2020-12-01,717,127
2580,2020-12-01,807,2708
2581,2020-12-01,827,6
2582,2020-12-01,797,868
2583,2020-12-01,821,9
2584,2020-12-01,746,663
2585,2020-12-01,785,538
2586,2020-12-01,48,201
2587,2020-12-01,727,1185
2588,2020-12-01,776,1677
2589,2020-12-01,809,692
2590,2020-12-01,12,1900
2591,2020-12-01,586,44
2592,2020-12-01,767,34
2593,2020-12-01,798,361
2594,2020-12-01,823,11
2595,2020-12-01,410,21
2596,2020-12-01,752,124
2597,2020-12-01,786,159
2598,2020-12-02,781,8
2599,2020-12-02,774,10
2600,2020-12-02,44,1
2601,2020-12-03,736,2
2602,2020-12-03,815,5
2603,2020-12-04,0,1
2604,2020-12-04,762,1
2605,2020-12-05,36,15
2606,2020-12-06,783,6
2607,2020-12-06,554,5
2608,2020-12-07,801,8
2609,2020-12-09,29,2
2610,2020-12-09,816,40
2611,2020-12-10,817,1
2612,2020-12-10,818,55
2613,2020-12-10,1,1
2614,2020-12-11,794,1
2615,2020-12-11,828,1
2616,2020-12-13,38,1
2617,2020-12-16,812,2
2618,2020-12-17,775,3
2619,2020-12-18,59,1
2620,2020-12-18,412,1
2621,2020-12-18,98,1
2622,2020-12-18,542,4
2623,2020-12-22,777,10
2624,2020-12-22,310,1
2625,2020-12-23,804,4
2626,2020-12-30,738,7
2627,2020-12-30,773,1
2628,2021-01-01,653,150
2629,2021-01-01,797,236
2630,2021-01-01,824,79
2631,2021-01-01,743,2
2632,2021-01-01,809,366
2633,2021-01-01,677,260
2634,2021-01-01,798,389
2635,2021-01-01,825,338
2636,2021-01-01,746,547
2637,2021-01-01,785,1251
2638,2021-01-01,776,1236
2639,2021-01-01,810,522
2640,2021-01-01,708,469
2641,2021-01-01,799,1331
2642,2021-01-01,818,42
2643,2021-01-01,48,219
2644,2021-01-01,811,15
2645,2021-01-01,738,7
2646,2021-01-01,717,107
2647,2021-01-01,12,490
2648,2021-01-01,115,88
2649,2021-01-01,741,1632
2650,2021-01-01,782,3041
2651,2021-01-01,807,1519
2652,2021-01-02,831,12
2653,2021-01-02,788,353
2654,2021-01-02,819,31
2655,2021-01-02,75,129
2656,2021-01-02,789,74
2657,2021-01-02,813,9
2658,2021-01-03,767,159
2659,2021-01-03,760,55
2660,2021-01-03,727,387
2661,2021-01-04,410,6
2662,2021-01-04,728,7
2663,2021-01-04,830,3
2664,2021-01-04,762,1
2665,2021-01-04,816,6
2666,2021-01-04,752,154
2667,2021-01-04,736,7
2668,2021-01-04,812,10
2669,2021-01-04,829,1651
2670,2021-01-05,36,19
2671,2021-01-05,801,20
2672,2021-01-05,24,3
2673,2021-01-06,541,669
2674,2021-01-06,786,68
2675,2021-01-06,781,14
2676,2021-01-06,804,3
2677,2021-01-07,826,9
2678,2021-01-08,783,4
2679,2021-01-08,828,1
2680,2021-01-09,554,5
2681,2021-01-12,775,5
2682,2021-01-12,0,5
2683,2021-01-12,832,21
2684,2021-01-12,827,1
2685,2021-01-13,821,1
2686,2021-01-14,715,6
2687,2021-01-14,1,12
2688,2021-01-14,757,1
2689,2021-01-15,29,3
2690,2021-01-17,524,2
2691,2021-01-17,730,1
2692,2021-01-19,761,3
2693,2021-01-19,774,2
2694,2021-01-21,768,2
2695,2021-01-22,833,15
2696,2021-01-24,586,1
2697,2021-01-25,815,2
2698,2021-01-26,769,1
2699,2021-01-30,777,2
2700,2021-02-01,541,423
2701,2021-02-01,761,2
2702,2021-02-01,832,74
2703,2021-02-01,36,17
2704,2021-02-01,741,881
2705,2021-02-01,788,340
2706,2021-02-01,825,2053
2707,2021-02-01,767,20
2708,2021-02-01,48,128
2709,2021-02-01,727,385
2710,2021-02-01,653,51
2711,2021-02-01,807,2438
2712,2021-02-01,75,106
2713,2021-02-01,752,306
2714,2021-02-01,782,2466
2715,2021-02-01,677,130
2716,2021-02-01,809,136
2717,2021-02-01,798,386
2718,2021-02-01,829,2711
2719,2021-02-01,12,65
2720,2021-02-01,785,1288
2721,2021-02-01,708,363
2722,2021-02-01,776,444
2723,2021-02-01,810,146
2724,2021-02-01,760,42
2725,2021-02-01,799,560
2726,2021-02-01,786,2
2727,2021-02-01,824,45
2728,2021-02-01,717,111
2729,2021-02-02,833,28
2730,2021-02-02,746,568
2731,2021-02-02,781,2
2732,2021-02-02,774,10
2733,2021-02-02,797,5
2734,2021-02-02,811,9
2735,2021-02-03,775,1
2736,2021-02-03,736,3
2737,2021-02-03,410,1
2738,2021-02-04,801,5
2739,2021-02-04,813,6
2740,2021-02-04,826,2
2741,2021-02-04,818,33
2742,2021-02-04,753,2
2743,2021-02-04,777,2
2744,2021-02-08,554,4
2745,2021-02-08,115,6
2746,2021-02-09,804,3
2747,2021-02-11,721,2
2748,2021-02-12,828,10
2749,2021-02-12,831,1
2750,2021-02-13,0,3
2751,2021-02-13,819,7
2752,2021-02-17,779,1
2753,2021-02-18,29,4
2754,2021-02-18,738,11
2755,2021-02-24,789,1
2756,2021-02-24,817,1
2757,2021-02-26,730,1
2758,2021-03-01,48,195
2759,2021-03-01,799,360
2760,2021-03-01,752,83
2761,2021-03-01,738,10
2762,2021-03-01,717,209
2763,2021-03-01,829,1208
2764,2021-03-01,653,52
2765,2021-03-01,753,1
2766,2021-03-01,788,175
2767,2021-03-01,741,3976
2768,2021-03-01,75,118
2769,2021-03-01,774,4
2770,2021-03-01,661,1
2771,2021-03-01,760,41
2772,2021-03-01,824,56
2773,2021-03-01,12,72
2774,2021-03-01,541,170
2775,2021-03-01,782,2942
2776,2021-03-01,727,1378
2777,2021-03-01,807,6248
2778,2021-03-01,677,2003
2779,2021-03-01,825,719
2780,2021-03-01,746,701
2781,2021-03-01,776,439
2782,2021-03-01,809,154
2783,2021-03-01,832,49
2784,2021-03-01,708,321
2785,2021-03-01,798,311
2786,2021-03-01,826,55
2787,2021-03-01,785,1873
2788,2021-03-01,736,2
2789,2021-03-01,810,99
2790,2021-03-01,833,30
2791,2021-03-02,767,11
2792,2021-03-02,834,16
2793,2021-03-02,36,75
2794,2021-03-02,835,12
2795,2021-03-02,804,2
2796,2021-03-02,789,26
2797,2021-03-02,115,8
2798,2021-03-02,797,161
2799,2021-03-03,786,9
2800,2021-03-03,721,2
2801,2021-03-03,743,39
2802,2021-03-03,818,3
2803,2021-03-03,762,1
2804,2021-03-04,716,1
2805,2021-03-04,0,6
2806,2021-03-04,817,2
2807,2021-03-05,821,4
2808,2021-03-05,830,1
2809,2021-03-05,831,2
2810,2021-03-05,728,7
2811,2021-03-05,240,76
2812,2021-03-07,783,4
2813,2021-03-07,586,14
2814,2021-03-08,761,95
2815,2021-03-09,29,5
2816,2021-03-09,769,18
2817,2021-03-09,801,1
2818,2021-03-10,781,3
2819,2021-03-11,1,1
2820,2021-03-11,775,2
2821,2021-03-11,747,1
2822,2021-03-12,180,1
2823,2021-03-14,410,5
2824,2021-03-14,777,8
2825,2021-03-15,828,4
2826,2021-03-15,46,1
2827,2021-03-16,554,3
2828,2021-03-16,24,8
2829,2021-03-18,811,11
2830,2021-03-18,815,5
2831,2021-03-19,779,1
2832,2021-03-19,819,1
2833,2021-03-22,603,1
2834,2021-03-22,242,1
2835,2021-03-22,43,3
2836,2021-03-25,65,1
2837,2021-03-25,823,1
2838,2021-03-29,44,1
2839,2021-03-29,14,5
2840,2021-04-01,75,62
2841,2021-04-01,727,3324
2842,2021-04-01,12,45
2843,2021-04-01,653,24
2844,2021-04-01,761,1817
2845,2021-04-01,115,42
2846,2021-04-01,746,4228
2847,2021-04-01,782,4476
2848,2021-04-01,832,119
2849,2021-04-01,36,75
2850,2021-04-01,825,794
2851,2021-04-01,677,1617
2852,2021-04-01,797,41
2853,2021-04-01,240,22
2854,2021-04-01,752,108
2855,2021-04-01,776,265
2856,2021-04-01,807,5410
2857,2021-04-01,708,505
2858,2021-04-01,769,19
2859,2021-04-01,798,499
2860,2021-04-01,785,1820
2861,2021-04-01,835,188
2862,2021-04-01,829,2891
2863,2021-04-01,717,221
2864,2021-04-01,799,292
2865,2021-04-01,48,283
2866,2021-04-01,741,4609
2867,2021-04-01,788,638
2868,2021-04-02,811,12
2869,2021-04-03,736,2
2870,2021-04-03,809,44
2871,2021-04-04,743,31
2872,2021-04-04,777,11
2873,2021-04-04,554,11
2874,2021-04-04,760,23
2875,2021-04-05,801,2
2876,2021-04-05,730,1
2877,2021-04-05,775,22
2878,2021-04-05,14,159
2879,2021-04-05,738,4
2880,2021-04-05,810,22
2881,2021-04-05,29,1
2882,2021-04-05,823,3
2883,2021-04-06,31,1
2884,2021-04-06,824,32
2885,2021-04-06,819,4
2886,2021-04-06,783,4
2887,2021-04-06,813,5
2888,2021-04-06,826,104
2889,2021-04-06,0,6
2890,2021-04-07,753,6
2891,2021-04-08,781,8
2892,2021-04-08,805,21
2893,2021-04-08,44,1
2894,2021-04-09,779,2
2895,2021-04-12,812,2
2896,2021-04-13,831,21
2897,2021-04-13,774,4
2898,2021-04-13,821,2
2899,2021-04-14,818,3
2900,2021-04-15,820,72
2901,2021-04-20,757,2
2902,2021-04-20,721,2
2903,2021-04-21,38,1
2904,2021-04-22,27,1
2905,2021-04-22,837,137
2906,2021-04-23,836,14
2907,2021-04-23,773,2
2908,2021-04-24,789,2
2909,2021-04-24,833,2
2910,2021-04-24,410,2
2911,2021-04-24,815,1
2912,2021-04-24,786,1
2913,2021-04-24,816,1
2914,2021-04-24,830,1
2915,2021-04-24,800,1
2916,2021-04-24,817,1
2917,2021-04-27,767,1
2918,2021-04-27,574,1
2919,2021-04-28,13,5
2920,2021-04-28,772,2
2921,2021-05-01,75,105
2922,2021-05-01,799,201
2923,2021-05-01,14,70
2924,2021-05-01,829,1997
2925,2021-05-01,677,709
2926,2021-05-01,761,460
2927,2021-05-01,807,5735
2928,2021-05-01,837,566
2929,2021-05-01,741,2572
2930,2021-05-01,788,107
2931,2021-05-01,708,283
2932,2021-05-01,776,547
2933,2021-05-01,824,23
2934,2021-05-01,809,24
2935,2021-05-01,743,115
2936,2021-05-01,717,180
2937,2021-05-01,825,767
2938,2021-05-01,810,98
2939,2021-05-01,746,5570
2940,2021-05-01,797,11
2941,2021-05-01,727,3291
2942,2021-05-01,782,2112
2943,2021-05-01,48,140
2944,2021-05-01,798,347
2945,2021-05-01,835,826
2946,2021-05-01,785,1944
2947,2021-05-01,820,11
2948,2021-05-02,36,8
2949,2021-05-02,832,173
2950,2021-05-02,12,182
2951,2021-05-03,836,8
2952,2021-05-03,736,3
2953,2021-05-03,115,366
2954,2021-05-03,29,3
2955,2021-05-03,831,298
2956,2021-05-03,541,9
2957,2021-05-03,826,70
2958,2021-05-03,752,243
2959,2021-05-03,653,17
2960,2021-05-04,773,5
2961,2021-05-05,760,23
2962,2021-05-05,775,4
2963,2021-05-05,823,1
2964,2021-05-05,789,2
2965,2021-05-05,828,25
2966,2021-05-06,833,1
2967,2021-05-07,786,1
2968,2021-05-07,767,2
2969,2021-05-11,603,1
2970,2021-05-11,730,1
2971,2021-05-12,586,4
2972,2021-05-16,762,2
2973,2021-05-17,779,1
2974,2021-05-19,0,3
2975,2021-05-24,838,9
2976,2021-05-24,840,41
2977,2021-05-24,44,3
2978,2021-05-26,774,1
2979,2021-05-29,812,1
2980,2021-05-31,841,3
2981,2021-06-01,752,230
2982,2021-06-01,832,101
2983,2021-06-01,48,88
2984,2021-06-01,825,846
2985,2021-06-01,12,510
2986,2021-06-01,810,277
2987,2021-06-01,753,2
2988,2021-06-01,798,1155
2989,2021-06-01,835,120
2990,2021-06-01,54,1
2991,2021-06-01,785,1138
2992,2021-06-01,826,47
2993,2021-06-01,14,423
2994,2021-06-01,776,603
2995,2021-06-01,760,24
2996,2021-06-01,799,221
2997,2021-06-01,837,15
2998,2021-06-01,75,144
2999,2021-06-01,741,3657
3000,2021-06-01,29,6
3001,2021-06-01,717,113
3002,2021-06-01,761,185
3003,2021-06-01,115,545
3004,2021-06-01,743,123
3005,2021-06-01,829,2883
3006,2021-06-01,807,8955
3007,2021-06-01,840,53
3008,2021-06-01,746,1538
3009,2021-06-01,831,23
3010,2021-06-01,727,2708
3011,2021-06-01,782,3602
3012,2021-06-01,824,51
3013,2021-06-01,677,1837
3014,2021-06-01,841,48
3015,2021-06-02,842,15
3016,2021-06-02,708,661
3017,2021-06-02,788,336
3018,2021-06-02,789,2
3019,2021-06-03,774,1
3020,2021-06-03,738,1
3021,2021-06-03,809,10
3022,2021-06-04,786,1
3023,2021-06-06,0,3
3024,2021-06-07,36,6
3025,2021-06-08,721,1
3026,2021-06-09,797,67
3027,2021-06-09,811,5
3028,2021-06-09,586,22
3029,2021-06-09,839,3
3030,2021-06-09,781,2
3031,2021-06-11,801,5
3032,2021-06-14,554,1
3033,2021-06-14,828,19
3034,2021-06-14,813,80
3035,2021-06-14,653,3
3036,2021-06-15,228,60
3037,2021-06-16,736,1
3038,2021-06-16,843,10
3039,2021-06-16,779,1
3040,2021-06-18,240,36
3041,2021-06-20,783,3
3042,2021-06-22,820,2
3043,2021-06-23,762,11
3044,2021-06-24,410,1
3045,2021-06-25,44,1
3046,2021-06-27,687,2
3047,2021-06-28,769,1
3048,2021-06-29,845,5
3049,2021-07-01,845,24
3050,2021-07-01,48,114
3051,2021-07-01,743,114
3052,2021-07-01,799,262
3053,2021-07-01,14,382
3054,2021-07-01,717,128
3055,2021-07-01,782,3796
3056,2021-07-01,554,4
3057,2021-07-01,746,612
3058,2021-07-01,807,18387
3059,2021-07-01,727,1272
3060,2021-07-01,785,735
3061,2021-07-01,832,73
3062,2021-07-01,825,680
3063,2021-07-01,75,159
3064,2021-07-01,752,158
3065,2021-07-01,809,22
3066,2021-07-01,841,5
3067,2021-07-01,788,479
3068,2021-07-01,835,77
3069,2021-07-01,677,1473
3070,2021-07-01,776,545
3071,2021-07-01,826,44
3072,2021-07-01,115,328
3073,2021-07-01,760,4
3074,2021-07-01,810,340
3075,2021-07-01,797,64
3076,2021-07-01,708,490
3077,2021-07-01,828,38
3078,2021-07-01,240,305
3079,2021-07-01,761,53
3080,2021-07-01,813,166
3081,2021-07-01,741,4531
3082,2021-07-01,798,817
3083,2021-07-01,837,233
3084,2021-07-01,12,475
3085,2021-07-01,829,765
3086,2021-07-02,824,26
3087,2021-07-02,55,3
3088,2021-07-02,775,2
3089,2021-07-05,842,8
3090,2021-07-06,831,9
3091,2021-07-06,736,4
3092,2021-07-06,36,20
3093,2021-07-07,774,7
3094,2021-07-08,738,98
3095,2021-07-09,653,3
3096,2021-07-10,779,1
3097,2021-07-12,846,92
3098,2021-07-12,836,1
3099,2021-07-14,843,4
3100,2021-07-19,769,2
3101,2021-07-19,847,18
3102,2021-07-19,29,4
3103,2021-07-20,44,1
3104,2021-07-23,848,12
3105,2021-07-26,849,12
3106,2021-07-27,777,2
3107,2021-07-28,541,1
3108,2021-07-28,839,12
3109,2021-07-28,24,9
3110,2021-07-28,0,1
3111,2021-07-29,816,1
3112,2021-07-29,840,2
3113,2021-07-29,716,2
3114,2021-08-01,14,311
3115,2021-08-01,776,1239
3116,2021-08-01,846,163
3117,2021-08-01,741,3783
3118,2021-08-01,788,1112
3119,2021-08-01,837,880
3120,2021-08-01,115,507
3121,2021-08-01,743,90
3122,2021-08-01,727,875
3123,2021-08-01,782,4965
3124,2021-08-01,848,223
3125,2021-08-01,807,370
3126,2021-08-01,240,50
3127,2021-08-01,746,5766
3128,2021-08-01,829,856
3129,2021-08-01,849,585
3130,2021-08-01,677,1370
3131,2021-08-01,774,8
3132,2021-08-01,809,8
3133,2021-08-01,752,128
3134,2021-08-01,798,407
3135,2021-08-01,75,191
3136,2021-08-01,785,532
3137,2021-08-01,12,2885
3138,2021-08-01,708,533
3139,2021-08-01,825,845
3140,2021-08-02,813,8
3141,2021-08-02,826,152
3142,2021-08-02,717,122
3143,2021-08-02,828,27
3144,2021-08-02,36,43
3145,2021-08-02,48,278
3146,2021-08-02,1,1
3147,2021-08-02,840,279
3148,2021-08-02,831,2
3149,2021-08-02,824,578
3150,2021-08-02,810,229
3151,2021-08-02,842,24
3152,2021-08-02,760,5
3153,2021-08-02,799,167
3154,2021-08-02,832,113
3155,2021-08-02,738,84
3156,2021-08-03,761,17
3157,2021-08-03,835,384
3158,2021-08-03,554,2
3159,2021-08-03,821,2
3160,2021-08-03,775,13
3161,2021-08-05,716,16
3162,2021-08-05,29,4
3163,2021-08-05,653,1
3164,2021-08-05,797,5
3165,2021-08-10,847,14
3166,2021-08-10,786,11
3167,2021-08-11,783,11
3168,2021-08-12,801,2
3169,2021-08-16,779,2
3170,2021-08-16,816,5
3171,2021-08-16,804,1
3172,2021-08-16,728,1
3173,2021-08-16,300,1
3174,2021-08-17,789,2
3175,2021-08-17,0,1
3176,2021-08-17,80,1
3177,2021-08-20,762,6
3178,2021-08-24,91,13
3179,2021-08-26,820,12
3180,2021-08-29,736,1
3181,2021-08-30,410,1
3182,2021-08-31,541,4
3183,2021-08-31,769,1
3184,2021-08-31,839,1
3185,2021-09-01,741,2902
3186,2021-09-01,785,853
3187,2021-09-01,829,520
3188,2021-09-01,12,2658
3189,2021-09-01,716,24
3190,2021-09-01,776,2335
3191,2021-09-01,820,52
3192,2021-09-01,807,126
3193,2021-09-01,840,126
3194,2021-09-01,115,312
3195,2021-09-01,14,82
3196,2021-09-01,717,161
3197,2021-09-01,824,110
3198,2021-09-01,761,22
3199,2021-09-01,809,4
3200,2021-09-01,842,15
3201,2021-09-01,788,1463
3202,2021-09-01,835,200
3203,2021-09-01,36,20
3204,2021-09-01,727,601
3205,2021-09-01,782,5071
3206,2021-09-01,825,420
3207,2021-09-01,677,690
3208,2021-09-01,810,79
3209,2021-09-01,846,48
3210,2021-09-01,240,7
3211,2021-09-01,746,1345
3212,2021-09-01,48,161
3213,2021-09-01,783,11
3214,2021-09-01,826,127
3215,2021-09-01,541,5
3216,2021-09-01,752,108
3217,2021-09-01,798,334
3218,2021-09-01,837,16773
3219,2021-09-01,75,132
3220,2021-09-01,738,21
3221,2021-09-01,784,1
3222,2021-09-01,828,13
3223,2021-09-01,708,412
3224,2021-09-01,816,10
3225,2021-09-01,849,32
3226,2021-09-01,554,4
3227,2021-09-01,799,4
3228,2021-09-02,91,12
3229,2021-09-02,832,255
3230,2021-09-02,797,83
3231,2021-09-02,848,8
3232,2021-09-02,0,1
3233,2021-09-03,743,18
3234,2021-09-03,779,3
3235,2021-09-03,586,18
3236,2021-09-03,736,3
3237,2021-09-03,775,7
3238,2021-09-06,211,1
3239,2021-09-06,762,5
3240,2021-09-06,753,12
3241,2021-09-07,687,2
3242,2021-09-10,745,1
3243,2021-09-14,836,74
3244,2021-09-15,774,1
3245,2021-09-17,786,1
3246,2021-09-20,585,1
3247,2021-09-21,760,4
3248,2021-09-27,839,1
3249,2021-09-29,852,2
3250,2021-09-30,851,4
3251,2021-09-30,813,6
3252,2021-10-01,91,27
3253,2021-10-01,797,144
3254,2021-10-01,835,355
3255,2021-10-01,825,668
3256,2021-10-01,851,64
3257,2021-10-01,115,130
3258,2021-10-01,810,487
3259,2021-10-01,741,4572
3260,2021-10-01,798,194
3261,2021-10-01,836,600
3262,2021-10-01,708,938
3263,2021-10-01,782,4625
3264,2021-10-01,826,363
3265,2021-10-01,852,99
3266,2021-10-01,761,1232
3267,2021-10-01,813,146
3268,2021-10-01,846,5
3269,2021-10-01,743,94
3270,2021-10-01,837,2167
3271,2021-10-01,828,17
3272,2021-10-01,48,125
3273,2021-10-01,746,762
3274,2021-10-01,717,233
3275,2021-10-01,785,523
3276,2021-10-01,829,222
3277,2021-10-01,820,3
3278,2021-10-01,75,54
3279,2021-10-01,752,88
3280,2021-10-01,807,51
3281,2021-10-01,840,33
3282,2021-10-01,12,2909
3283,2021-10-01,727,648
3284,2021-10-01,788,779
3285,2021-10-01,832,114
3286,2021-10-01,677,387
3287,2021-10-01,776,2115
3288,2021-10-01,824,118
3289,2021-10-02,760,17
3290,2021-10-02,586,105
3291,2021-10-03,809,6
3292,2021-10-04,753,8
3293,2021-10-04,14,128
3294,2021-10-04,36,6
3295,2021-10-04,801,2
3296,2021-10-04,775,7
3297,2021-10-04,849,5
3298,2021-10-05,29,32
3299,2021-10-05,554,3
3300,2021-10-06,694,7
3301,2021-10-07,842,82
3302,2021-10-08,783,4
3303,2021-10-08,850,20
3304,2021-10-12,853,71
3305,2021-10-12,839,3
3306,2021-10-13,848,1
3307,2021-10-13,0,4
3308,2021-10-17,779,1
3309,2021-10-18,845,44
3310,2021-10-18,854,6
3311,2021-10-19,730,1
3312,2021-10-19,762,7
3313,2021-10-21,716,2
3314,2021-10-21,816,1
3315,2021-10-21,804,2
3316,2021-10-26,653,5
3317,2021-11-01,746,4190
3318,2021-11-01,824,780
3319,2021-11-01,782,3791
3320,2021-11-01,813,178
3321,2021-11-01,840,12
3322,2021-11-01,807,274
3323,2021-11-01,752,216
3324,2021-11-01,825,396
3325,2021-11-01,677,356
3326,2021-11-01,797,242
3327,2021-11-01,826,516
3328,2021-11-01,853,63
3329,2021-11-01,741,5042
3330,2021-11-01,842,113
3331,2021-11-01,708,1029
3332,2021-11-01,835,357
3333,2021-11-01,798,64
3334,2021-11-01,785,906
3335,2021-11-01,836,2028
3336,2021-11-01,829,712
3337,2021-11-01,788,583
3338,2021-11-01,850,34
3339,2021-11-01,837,440
3340,2021-11-01,12,2312
3341,2021-11-01,761,29
3342,2021-11-02,851,89
3343,2021-11-02,727,1066
3344,2021-11-02,852,174
3345,2021-11-02,14,208
3346,2021-11-02,769,4
3347,2021-11-02,832,333
3348,2021-11-02,75,11
3349,2021-11-02,810,583
3350,2021-11-02,854,1020
3351,2021-11-02,48,269
3352,2021-11-02,743,172
3353,2021-11-02,845,114
3354,2021-11-02,29,34
3355,2021-11-02,91,16
3356,2021-11-02,760,17
3357,2021-11-02,856,54
3358,2021-11-02,717,215
3359,2021-11-02,776,672
3360,2021-11-02,586,29
3361,2021-11-03,753,3
3362,2021-11-03,240,65
3363,2021-11-03,828,4
3364,2021-11-03,857,4
3365,2021-11-05,858,252
3366,2021-11-05,809,3
3367,2021-11-05,775,9
3368,2021-11-07,115,6
3369,2021-11-08,653,5
3370,2021-11-08,738,1
3371,2021-11-08,815,1
3372,2021-11-09,774,3
3373,2021-11-09,716,4
3374,2021-11-09,811,1
3375,2021-11-09,820,1
3376,2021-11-10,36,63
3377,2021-11-11,762,8
3378,2021-11-15,554,3
3379,2021-11-18,382,7
3380,2021-11-19,789,1
3381,2021-11-19,831,2
3382,2021-11-19,816,18
3383,2021-11-19,757,1
3384,2021-11-19,818,1
3385,2021-11-19,799,2
3386,2021-11-19,804,2
3387,2021-11-19,830,1
3388,2021-11-22,784,1
3389,2021-11-23,55,1
3390,2021-11-23,783,4
3391,2021-11-23,859,4
3392,2021-11-23,860,15
3393,2021-11-24,1,2
3394,2021-11-24,13,2
3395,2021-11-24,795,2
3396,2021-11-24,38,3
3397,2021-11-24,841,1
3398,2021-11-24,7,2
3399,2021-11-24,44,1
3400,2021-11-25,306,1
3401,2021-11-25,37,1
3402,2021-11-25,157,1
3403,2021-11-25,2,1
3404,2021-11-25,71,1
3405,2021-11-25,346,1
3406,2021-11-25,163,2
3407,2021-11-25,120,2
3408,2021-11-25,348,1
3409,2021-11-25,25,1
3410,2021-11-25,128,1
3411,2021-11-25,8,1
3412,2021-11-25,88,3
3413,2021-11-25,281,1
3414,2021-11-25,149,1
3415,2021-11-25,11,1
3416,2021-11-25,50,4
3417,2021-11-25,292,1
3418,2021-11-25,745,1
3419,2021-11-25,150,1
3420,2021-11-25,102,1
3421,2021-11-26,812,1
3422,2021-12-01,717,161
3423,2021-12-01,788,239
3424,2021-12-01,836,2165
3425,2021-12-01,775,38
3426,2021-12-01,826,456
3427,2021-12-01,856,14
3428,2021-12-01,752,56
3429,2021-12-01,810,2260
3430,2021-12-01,850,194
3431,2021-12-01,727,481
3432,2021-12-01,797,485
3433,2021-12-01,837,417
3434,2021-12-01,776,1188
3435,2021-12-01,36,14
3436,2021-12-01,813,92
3437,2021-12-01,851,50
3438,2021-12-01,586,1226
3439,2021-12-01,782,2565
3440,2021-12-01,829,1163
3441,2021-12-01,858,1006
3442,2021-12-01,48,565
3443,2021-12-01,760,4
3444,2021-12-01,852,3
3445,2021-12-01,741,3796
3446,2021-12-01,842,8
3447,2021-12-01,677,586
3448,2021-12-01,783,5
3449,2021-12-01,832,281
3450,2021-12-01,75,26
3451,2021-12-01,761,10
3452,2021-12-01,824,527
3453,2021-12-01,12,1568
3454,2021-12-01,743,59
3455,2021-12-01,807,2670
3456,2021-12-01,845,135
3457,2021-12-01,708,192
3458,2021-12-01,785,640
3459,2021-12-01,835,188
3460,2021-12-01,860,206
3461,2021-12-01,91,8
3462,2021-12-01,825,210
3463,2021-12-01,854,383
3464,2021-12-01,14,87
3465,2021-12-01,746,1070
3466,2021-12-02,857,19
3467,2021-12-02,798,289
3468,2021-12-03,859,134
3469,2021-12-03,853,86
3470,2021-12-06,115,9
3471,2021-12-06,801,3
3472,2021-12-06,774,1
3473,2021-12-07,753,7
3474,2021-12-10,816,29
3475,2021-12-14,736,1
3476,2021-12-15,828,4
3477,2021-12-17,554,1
3478,2021-12-17,840,1
3479,2021-12-20,29,22
3480,2021-12-29,846,1
3481,2021-12-31,809,1
3482,2022-01-01,824,75
3483,2022-01-01,48,399
3484,2022-01-01,807,443
3485,2022-01-01,850,957
3486,2022-01-01,12,445
3487,2022-01-01,776,508
3488,2022-01-01,746,814
3489,2022-01-01,851,22
3490,2022-01-01,797,191
3491,2022-01-01,836,325
3492,2022-01-01,782,1699
3493,2022-01-01,826,351
3494,2022-01-01,810,673
3495,2022-01-01,727,501
3496,2022-01-01,798,291
3497,2022-01-01,837,2377
3498,2022-01-01,586,51
3499,2022-01-01,854,80
3500,2022-01-01,29,28
3501,2022-01-01,785,444
3502,2022-01-01,829,730
3503,2022-01-01,858,138
3504,2022-01-01,741,2371
3505,2022-01-01,708,140
3506,2022-01-01,832,217
3507,2022-01-02,743,36
3508,2022-01-02,788,264
3509,2022-01-02,825,301
3510,2022-01-02,813,256
3511,2022-01-02,736,2
3512,2022-01-02,786,1
3513,2022-01-03,859,74
3514,2022-01-03,835,25
3515,2022-01-03,75,6
3516,2022-01-03,717,120
3517,2022-01-03,752,108
3518,2022-01-03,677,596
3519,2022-01-03,845,37
3520,2022-01-04,860,24
3521,2022-01-04,14,12
3522,2022-01-04,783,3
3523,2022-01-05,775,27
3524,2022-01-05,585,8
3525,2022-01-05,816,3
3526,2022-01-06,554,10
3527,2022-01-06,716,3
3528,2022-01-06,863,7
3529,2022-01-06,799,1
3530,2022-01-06,842,2
3531,2022-01-07,115,12
3532,2022-01-10,809,6
3533,2022-01-10,761,7
3534,2022-01-10,801,7
3535,2022-01-11,862,112
3536,2022-01-11,91,17
3537,2022-01-12,853,2
3538,2022-01-14,828,3
3539,2022-01-17,865,32
3540,2022-01-19,768,2
3541,2022-01-26,580,1
3542,2022-01-26,13,1
3543,2022-01-26,536,2
3544,2022-01-26,36,9
3545,2022-01-31,866,1
3546,2022-02-01,12,91
3547,2022-02-01,717,96
3548,2022-02-01,862,49
3549,2022-02-01,816,1
3550,2022-02-01,807,241
3551,2022-02-01,845,49
3552,2022-02-01,727,209
3553,2022-02-01,785,511
3554,2022-02-01,829,405
3555,2022-02-01,865,7
3556,2022-02-01,854,31
3557,2022-02-01,752,236
3558,2022-02-01,788,203
3559,2022-02-01,832,199
3560,2022-02-01,866,9
3561,2022-02-01,824,12
3562,2022-02-01,858,49
3563,2022-02-01,810,143
3564,2022-02-01,741,1223
3565,2022-02-01,797,43
3566,2022-02-01,677,101
3567,2022-02-01,776,392
3568,2022-02-01,825,275
3569,2022-02-01,859,19
3570,2022-02-01,850,1771
3571,2022-02-01,48,180
3572,2022-02-01,798,659
3573,2022-02-01,836,198
3574,2022-02-01,708,164
3575,2022-02-01,782,1307
3576,2022-02-01,826,258
3577,2022-02-01,860,5
3578,2022-02-01,813,5
3579,2022-02-01,851,8
3580,2022-02-01,746,496
3581,2022-02-01,837,527
3582,2022-02-02,580,1
3583,2022-02-02,846,3
3584,2022-02-02,775,27
3585,2022-02-02,757,4
3586,2022-02-02,811,1
3587,2022-02-03,382,14
3588,2022-02-04,828,19
3589,2022-02-04,743,33
3590,2022-02-06,29,6
3591,2022-02-06,736,2
3592,2022-02-07,852,1
3593,2022-02-07,761,2
3594,2022-02-08,849,3
3595,2022-02-09,809,4
3596,2022-02-10,762,3
3597,2022-02-10,585,3
3598,2022-02-10,801,1
3599,2022-02-13,783,2
3600,2022-02-14,766,4
3601,2022-02-14,115,1
3602,2022-02-14,867,40
3603,2022-02-14,75,11
3604,2022-02-15,91,3
3605,2022-02-15,835,33
3606,2022-02-17,747,1
3607,2022-02-17,868,21
3608,2022-02-18,554,2
3609,2022-02-21,818,1
3610,2022-02-22,36,3
3611,2022-02-24,14,1
3612,2022-02-25,753,1
3613,2022-02-25,871,9
3614,2022-02-27,524,1
3615,2022-02-28,586,2
3616,2022-03-01,48,298
3617,2022-03-01,761,7
3618,2022-03-01,743,92
3619,2022-03-01,807,163
3620,2022-03-01,837,1569
3621,2022-03-01,871,96
3622,2022-03-01,717,210
3623,2022-03-01,785,531
3624,2022-03-01,746,858
3625,2022-03-01,845,91
3626,2022-03-01,727,374
3627,2022-03-01,788,370
3628,2022-03-01,829,671
3629,2022-03-01,867,14
3630,2022-03-01,586,85
3631,2022-03-01,858,18
3632,2022-03-01,752,282
3633,2022-03-01,810,209
3634,2022-03-01,850,7001
3635,2022-03-01,797,63
3636,2022-03-01,832,164
3637,2022-03-01,75,33
3638,2022-03-01,653,1
3639,2022-03-01,775,54
3640,2022-03-01,824,13
3641,2022-03-01,859,4
3642,2022-03-01,29,1
3643,2022-03-01,753,5
3644,2022-03-01,798,321
3645,2022-03-01,835,249
3646,2022-03-01,677,443
3647,2022-03-01,776,603
3648,2022-03-01,825,339
3649,2022-03-01,862,43
3650,2022-03-01,853,1
3651,2022-03-01,741,1783
3652,2022-03-01,836,125
3653,2022-03-01,782,2232
3654,2022-03-01,826,550
3655,2022-03-02,736,3
3656,2022-03-02,12,41
3657,2022-03-02,870,118
3658,2022-03-03,854,9
3659,2022-03-03,766,7
3660,2022-03-03,857,10
3661,2022-03-03,872,15
3662,2022-03-03,868,22
3663,2022-03-03,708,102
3664,2022-03-04,554,6
3665,2022-03-04,813,32
3666,2022-03-04,851,10
3667,2022-03-04,36,7
3668,2022-03-04,814,1
3669,2022-03-05,119,5
3670,2022-03-09,585,2
3671,2022-03-09,541,7
3672,2022-03-10,757,1
3673,2022-03-11,869,42
3674,2022-03-15,773,1
3675,2022-03-16,203,1
3676,2022-03-16,457,1
3677,2022-03-16,294,1
3678,2022-03-16,476,1
3679,2022-03-16,873,10
3680,2022-03-16,295,1
3681,2022-03-16,728,2
3682,2022-03-16,1,1
3683,2022-03-16,306,1
3684,2022-03-17,828,8
3685,2022-03-18,14,5
3686,2022-03-18,874,14
3687,2022-03-19,809,3
3688,2022-03-21,816,15
3689,2022-03-21,67,2
3690,2022-03-21,300,2
3691,2022-03-21,875,16
3692,2022-03-21,804,1
3693,2022-03-22,536,1
3694,2022-03-22,91,2
3695,2022-03-22,865,1
3696,2022-03-23,53,1
3697,2022-03-24,361,4
3698,2022-03-25,15,1
3699,2022-03-28,818,1
3700,2022-03-29,13,1
3701,2022-03-29,817,4
3702,2022-03-31,866,1
3703,2022-04-01,743,523
3704,2022-04-01,832,158
3705,2022-04-01,727,327
3706,2022-04-01,782,1959
3707,2022-04-01,824,410
3708,2022-04-01,859,2
3709,2022-04-01,813,276
3710,2022-04-01,746,728
3711,2022-04-01,798,502
3712,2022-04-01,835,246
3713,2022-04-01,728,6
3714,2022-04-01,825,451
3715,2022-04-01,862,121
3716,2022-04-01,850,5934
3717,2022-04-01,836,205
3718,2022-04-01,48,448
3719,2022-04-01,785,712
3720,2022-04-01,826,445
3721,2022-04-01,677,440
3722,2022-04-01,816,9
3723,2022-04-01,854,14
3724,2022-04-01,752,130
3725,2022-04-01,807,213
3726,2022-04-01,837,4137
3727,2022-04-01,75,21
3728,2022-04-01,828,20
3729,2022-04-01,708,141
3730,2022-04-01,775,50
3731,2022-04-01,817,1
3732,2022-04-01,857,4
3733,2022-04-01,741,3113
3734,2022-04-01,788,460
3735,2022-04-01,829,455
3736,2022-04-01,869,69
3737,2022-04-01,717,194
3738,2022-04-01,776,807
3739,2022-04-01,810,82
3740,2022-04-01,845,38
3741,2022-04-01,876,17
3742,2022-04-02,870,78
3743,2022-04-02,736,2
3744,2022-04-03,786,1
3745,2022-04-03,858,2
3746,2022-04-04,361,3
3747,2022-04-04,866,2
3748,2022-04-04,12,23
3749,2022-04-04,13,2
3750,2022-04-04,753,2
3751,2022-04-04,875,13
3752,2022-04-05,0,5
3753,2022-04-05,873,2
3754,2022-04-05,868,11
3755,2022-04-05,585,13
3756,2022-04-06,29,1
3757,2022-04-06,36,2
3758,2022-04-06,91,14
3759,2022-04-07,814,1
3760,2022-04-07,769,1
3761,2022-04-11,797,22
3762,2022-04-11,119,3
3763,2022-04-12,809,1
3764,2022-04-13,764,2
3765,2022-04-13,749,1
3766,2022-04-18,877,59
3767,2022-04-18,784,1
3768,2022-04-18,653,1
3769,2022-04-18,14,52
3770,2022-04-19,878,4
3771,2022-04-19,880,44
3772,2022-04-19,541,14
3773,2022-04-20,115,3
3774,2022-04-20,586,3
3775,2022-04-21,872,3
3776,2022-04-25,801,1
3777,2022-04-25,818,4
3778,2022-04-26,871,1
3779,2022-04-26,554,1
3780,2022-04-26,760,1
3781,2022-04-27,848,3
3782,2022-04-27,735,1
3783,2022-04-28,761,4
3784,2022-04-29,840,1
3785,2022-05-01,798,395
3786,2022-05-01,825,483
3787,2022-05-01,850,6900
3788,2022-05-01,741,193
3789,2022-05-01,836,114
3790,2022-05-01,717,195
3791,2022-05-01,782,2058
3792,2022-05-01,826,646
3793,2022-05-01,743,1989
3794,2022-05-01,837,2531
3795,2022-05-01,48,212
3796,2022-05-01,785,759
3797,2022-05-01,869,84
3798,2022-05-01,746,3558
3799,2022-05-01,807,752
3800,2022-05-01,727,430
3801,2022-05-01,788,155
3802,2022-05-01,829,1123
3803,2022-05-01,776,747
3804,2022-05-01,880,197
3805,2022-05-01,832,429
3806,2022-05-01,677,1048
3807,2022-05-01,824,216
3808,2022-05-02,753,1
3809,2022-05-02,75,11
3810,2022-05-02,835,327
3811,2022-05-02,862,15
3812,2022-05-02,813,42
3813,2022-05-02,882,520
3814,2022-05-02,91,13
3815,2022-05-02,799,1
3816,2022-05-02,585,6
3817,2022-05-02,877,142
3818,2022-05-02,828,18
3819,2022-05-02,775,58
3820,2022-05-02,816,84
3821,2022-05-02,858,2
3822,2022-05-02,878,2
3823,2022-05-02,870,1
3824,2022-05-02,12,22
3825,2022-05-02,752,125
3826,2022-05-02,797,16
3827,2022-05-02,871,1
3828,2022-05-02,14,129
3829,2022-05-03,586,7
3830,2022-05-04,541,6
3831,2022-05-04,810,6
3832,2022-05-04,872,8
3833,2022-05-04,761,9
3834,2022-05-04,64,1
3835,2022-05-05,36,1
3836,2022-05-06,554,7
3837,2022-05-06,0,1
3838,2022-05-06,777,2
3839,2022-05-07,708,9
3840,2022-05-09,881,17
3841,2022-05-09,854,6
3842,2022-05-10,886,1
3843,2022-05-10,860,1
3844,2022-05-11,764,123
3845,2022-05-11,410,1
3846,2022-05-11,845,8
3847,2022-05-11,887,97
3848,2022-05-12,885,27
3849,2022-05-12,859,1
3850,2022-05-13,728,1
3851,2022-05-17,29,3
3852,2022-05-17,868,2
3853,2022-05-17,603,5
3854,2022-05-17,809,1
3855,2022-05-19,736,2
3856,2022-05-19,875,1
3857,2022-05-20,849,1
3858,2022-05-21,814,2
3859,2022-05-23,779,2
3860,2022-05-23,843,1
3861,2022-05-24,242,1
3862,2022-05-25,721,2
3863,2022-05-25,67,2
3864,2022-05-26,890,3
3865,2022-05-26,883,1
3866,2022-05-26,115,1
3867,2022-05-27,820,5
3868,2022-05-31,801,3
3869,2022-06-01,743,1139
3870,2022-06-01,717,94
3871,2022-06-01,788,130
3872,2022-06-01,829,364
3873,2022-06-01,887,139
3874,2022-06-01,586,137
3875,2022-06-01,775,18
3876,2022-06-01,880,178
3877,2022-06-01,75,7
3878,2022-06-01,746,1202
3879,2022-06-01,813,215
3880,2022-06-01,29,1
3881,2022-06-01,832,163
3882,2022-06-01,776,800
3883,2022-06-01,824,189
3884,2022-06-01,881,68
3885,2022-06-01,91,5
3886,2022-06-01,752,62
3887,2022-06-01,845,28
3888,2022-06-01,727,196
3889,2022-06-01,798,74
3890,2022-06-01,835,228
3891,2022-06-01,677,474
3892,2022-06-01,825,346
3893,2022-06-01,882,73
3894,2022-06-01,816,22
3895,2022-06-01,801,6
3896,2022-06-01,836,42
3897,2022-06-01,782,1007
3898,2022-06-01,826,261
3899,2022-06-01,877,276
3900,2022-06-01,48,176
3901,2022-06-01,807,101
3902,2022-06-01,837,997
3903,2022-06-01,869,8
3904,2022-06-01,12,378
3905,2022-06-01,785,335
3906,2022-06-01,764,353
3907,2022-06-01,820,11
3908,2022-06-01,850,6406
3909,2022-06-02,862,3
3910,2022-06-02,603,6
3911,2022-06-02,854,6
3912,2022-06-02,817,2
3913,2022-06-02,741,3
3914,2022-06-03,810,2
3915,2022-06-03,14,143
3916,2022-06-03,721,1
3917,2022-06-03,874,2
3918,2022-06-03,708,15
3919,2022-06-03,885,26
3920,2022-06-05,858,7
3921,2022-06-06,67,3
3922,2022-06-06,890,23
3923,2022-06-06,753,4
3924,2022-06-06,828,6
3925,2022-06-06,585,7
3926,2022-06-07,797,1
3927,2022-06-07,889,17
3928,2022-06-07,852,1
3929,2022-06-07,45,1
3930,2022-06-07,883,4
3931,2022-06-08,860,3
3932,2022-06-08,851,1
3933,2022-06-08,842,1
3934,2022-06-08,871,1
3935,2022-06-08,814,1
3936,2022-06-08,36,1
3937,2022-06-08,863,1
3938,2022-06-08,853,1
3939,2022-06-08,240,1
3940,2022-06-08,846,1
3941,2022-06-08,728,1
3942,2022-06-08,867,1
3943,2022-06-08,891,1
3944,2022-06-08,849,17
3945,2022-06-08,716,1
3946,2022-06-09,841,1
3947,2022-06-09,821,1
3948,2022-06-09,872,3
3949,2022-06-09,779,3
3950,2022-06-10,894,4
3951,2022-06-13,541,1
3952,2022-06-13,761,1
3953,2022-06-28,895,9
3954,2022-06-29,897,4
3955,2022-06-30,870,1
3956,2022-06-30,896,3
3957,2022-06-30,878,2
3958,2022-07-01,858,16
3959,2022-07-01,849,170
3960,2022-07-01,12,375
3961,2022-07-01,764,234
3962,2022-07-01,820,3
3963,2022-07-01,850,4673
3964,2022-07-01,835,161
3965,2022-07-01,877,238
3966,2022-07-01,895,2
3967,2022-07-01,885,10
3968,2022-07-01,48,157
3969,2022-07-01,776,1351
3970,2022-07-01,836,42
3971,2022-07-01,878,23
3972,2022-07-01,743,2661
3973,2022-07-01,825,210
3974,2022-07-01,896,81
3975,2022-07-01,677,301
3976,2022-07-01,807,33
3977,2022-07-01,887,21
3978,2022-07-01,782,8
3979,2022-07-01,837,12
3980,2022-07-01,880,57
3981,2022-07-01,746,3443
3982,2022-07-01,826,153
3983,2022-07-01,870,1
3984,2022-07-01,813,253
3985,2022-07-01,889,3
3986,2022-07-01,785,26
3987,2022-07-01,881,7
3988,2022-07-01,829,521
3989,2022-07-03,897,42
3990,2022-07-04,900,5
3991,2022-07-04,717,5
3992,2022-07-04,892,59
3993,2022-07-04,884,73
3994,2022-07-04,869,3
3995,2022-07-05,832,46
3996,2022-07-05,775,8
3997,2022-07-05,901,48
3998,2022-07-06,860,1
3999,2022-07-06,14,1
4000,2022-07-06,845,10
4001,2022-07-07,91,3
4002,2022-07-07,882,11
4003,2022-07-07,752,55
4004,2022-07-08,816,334
4005,2022-07-08,55,1
4006,2022-07-09,797,1
4007,2022-07-10,824,7
4008,2022-07-11,890,6
4009,2022-07-12,875,3
4010,2022-07-13,788,2
4011,2022-07-13,902,43
4012,2022-07-14,854,1
4013,2022-07-15,716,12
4014,2022-07-15,727,4
4015,2022-07-15,863,2
4016,2022-07-18,798,3
4017,2022-07-19,708,2
4018,2022-07-21,541,2
4019,2022-07-21,874,1
4020,2022-07-25,904,5
4021,2022-07-26,898,5
4022,2022-07-27,53,1
4023,2022-07-28,382,1
4024,2022-07-28,856,1
4025,2022-07-28,857,1
4026,2022-07-28,1,1
4027,2022-08-01,764,342
4028,2022-08-01,866,1
4029,2022-08-01,900,27
4030,2022-08-01,743,250
4031,2022-08-01,813,242
4032,2022-08-01,853,2
4033,2022-08-01,797,7
4034,2022-08-01,880,86
4035,2022-08-01,48,198
4036,2022-08-01,829,825
4037,2022-08-01,12,516
4038,2022-08-01,746,3135
4039,2022-08-01,816,328
4040,2022-08-01,892,102
4041,2022-08-01,677,809
4042,2022-08-01,845,22
4043,2022-08-01,776,2281
4044,2022-08-01,902,171
4045,2022-08-01,752,49
4046,2022-08-01,858,4
4047,2022-08-01,716,45
4048,2022-08-01,849,66
4049,2022-08-01,835,122
4050,2022-08-01,904,28
4051,2022-08-01,825,357
4052,2022-08-01,897,62
4053,2022-08-01,850,7044
4054,2022-08-01,884,151
4055,2022-08-01,785,353
4056,2022-08-01,836,18
4057,2022-08-01,877,256
4058,2022-08-01,826,174
4059,2022-08-01,898,153
4060,2022-08-01,852,1
4061,2022-08-01,837,31
4062,2022-08-02,896,3
4063,2022-08-02,782,1658
4064,2022-08-02,807,44
4065,2022-08-02,887,7
4066,2022-08-03,842,31
4067,2022-08-03,901,1
4068,2022-08-03,881,89
4069,2022-08-03,14,79
4070,2022-08-04,541,692
4071,2022-08-05,775,40
4072,2022-08-05,832,556
4073,2022-08-05,824,317
4074,2022-08-08,828,16
4075,2022-08-08,586,70
4076,2022-08-08,798,530
4077,2022-08-08,717,167
4078,2022-08-08,727,458
4079,2022-08-08,788,101
4080,2022-08-08,878,21
4081,2022-08-09,854,8
4082,2022-08-09,870,59
4083,2022-08-09,801,4
4084,2022-08-10,761,80
4085,2022-08-12,91,3
4086,2022-08-12,809,1
4087,2022-08-17,890,4
4088,2022-08-17,75,4
4089,2022-08-17,906,20
4090,2022-08-18,53,1
4091,2022-08-19,883,1
4092,2022-08-19,874,2
4093,2022-08-22,860,1
4094,2022-08-23,869,6
4095,2022-08-23,863,4
4096,2022-08-25,44,1
4097,2022-08-25,13,1
4098,2022-08-25,38,3
4099,2022-08-29,753,1
4100,2022-09-01,850,2252
4101,2022-09-01,717,249
4102,2022-09-01,884,102
4103,2022-09-01,785,489
4104,2022-09-01,829,424
4105,2022-09-01,877,507
4106,2022-09-01,904,66
4107,2022-09-01,761,86
4108,2022-09-01,727,473
4109,2022-09-01,807,20
4110,2022-09-01,842,30
4111,2022-09-01,541,1595
4112,2022-09-01,788,24
4113,2022-09-01,832,213
4114,2022-09-01,878,30
4115,2022-09-01,906,90
4116,2022-09-01,764,125
4117,2022-09-01,824,470
4118,2022-09-01,898,42
4119,2022-09-01,743,203
4120,2022-09-01,813,30
4121,2022-09-01,835,151
4122,2022-09-01,880,35
4123,2022-09-01,12,2030
4124,2022-09-01,775,45
4125,2022-09-01,825,110
4126,2022-09-01,869,42
4127,2022-09-01,900,24
4128,2022-09-01,746,1265
4129,2022-09-01,677,783
4130,2022-09-01,798,633
4131,2022-09-01,881,853
4132,2022-09-01,14,204
4133,2022-09-01,776,1189
4134,2022-09-01,826,81
4135,2022-09-01,870,63
4136,2022-09-01,902,144
4137,2022-09-01,816,8
4138,2022-09-01,849,6
4139,2022-09-01,801,1
4140,2022-09-01,48,158
4141,2022-09-01,782,1934
4142,2022-09-01,828,18
4143,2022-09-02,897,2
4144,2022-09-02,892,18
4145,2022-09-02,586,121
4146,2022-09-02,797,5
4147,2022-09-02,752,59
4148,2022-09-02,837,6
4149,2022-09-05,53,2
4150,2022-09-05,845,7
4151,2022-09-06,836,19
4152,2022-09-06,716,24
4153,2022-09-06,882,2
4154,2022-09-07,896,1
4155,2022-09-08,889,1
4156,2022-09-10,858,4
4157,2022-09-12,805,2
4158,2022-09-12,863,2
4159,2022-09-12,903,4
4160,2022-09-13,0,1
4161,2022-09-13,910,70
4162,2022-09-15,911,38
4163,2022-09-20,913,1
4164,2022-09-20,912,5
4165,2022-09-21,817,1
4166,2022-09-21,820,1
4167,2022-09-21,895,1
4168,2022-09-22,875,1
4169,2022-09-26,840,1
4170,2022-09-26,848,1
4171,2022-09-28,753,1
4172,2022-09-28,814,1
4173,2022-09-28,893,3
4174,2022-10-01,825,219
4175,2022-10-01,727,202
4176,2022-10-01,785,754
4177,2022-10-01,850,2361
4178,2022-10-01,586,310
4179,2022-10-01,898,17
4180,2022-10-01,12,2349
4181,2022-10-01,677,441
4182,2022-10-01,881,520
4183,2022-10-01,48,158
4184,2022-10-01,829,454
4185,2022-10-01,14,194
4186,2022-10-01,746,485
4187,2022-10-01,798,456
4188,2022-10-01,884,120
4189,2022-10-01,910,150
4190,2022-10-01,776,963
4191,2022-10-01,824,233
4192,2022-10-01,717,341
4193,2022-10-01,911,23
4194,2022-10-01,541,879
4195,2022-10-01,782,2379
4196,2022-10-01,835,168
4197,2022-10-01,877,486
4198,2022-10-02,743,231
4199,2022-10-02,869,59
4200,2022-10-02,892,183
4201,2022-10-02,832,528
4202,2022-10-03,863,2
4203,2022-10-03,807,12
4204,2022-10-03,878,31
4205,2022-10-03,905,14
4206,2022-10-03,826,154
4207,2022-10-03,813,130
4208,2022-10-03,889,5
4209,2022-10-03,880,277
4210,2022-10-03,764,91
4211,2022-10-03,828,20
4212,2022-10-03,890,1
4213,2022-10-03,775,43
4214,2022-10-03,900,59
4215,2022-10-03,816,2
4216,2022-10-03,716,68
4217,2022-10-03,902,285
4218,2022-10-03,752,71
4219,2022-10-03,885,1
4220,2022-10-03,904,20
4221,2022-10-04,849,5
4222,2022-10-04,887,11
4223,2022-10-04,761,15
4224,2022-10-04,906,10
4225,2022-10-05,23,1
4226,2022-10-05,4,2
4227,2022-10-05,836,12
4228,2022-10-05,5,1
4229,2022-10-05,41,1
4230,2022-10-05,18,1
4231,2022-10-05,1,1
4232,2022-10-06,897,23
4233,2022-10-06,837,7
4234,2022-10-06,842,4
4235,2022-10-07,29,2
4236,2022-10-07,914,221
4237,2022-10-07,860,3
4238,2022-10-08,786,1
4239,2022-10-08,870,3
4240,2022-10-11,858,9
4241,2022-10-11,801,4
4242,2022-10-12,912,208
4243,2022-10-13,896,6
4244,2022-10-17,846,1
4245,2022-10-18,753,2
4246,2022-10-18,744,1
4247,2022-10-18,852,5
4248,2022-10-18,53,49
4249,2022-10-19,866,11
4250,2022-10-19,797,6
4251,2022-10-19,874,2
4252,2022-10-20,585,1
4253,2022-10-26,915,2
4254,2022-10-26,916,1
4255,2022-10-26,917,2
4256,2022-10-27,918,5
4257,2022-10-27,920,1
4258,2022-10-27,908,9
4259,2022-10-28,814,1
4260,2022-10-28,845,4
4261,2022-10-28,893,1
